Workbook

Sheet Overview
A3: Model: | B3: 0.0.0.0
A4: Coin | B4: Pay Back
A5: 50 | B5: 0.96500663
A7: Total Pay Back Percentage includes the following adjustments.
A8: Coin | B8: Pay Back | C8: Hit% | D8: Pulls/Hit | E8: Description of feature
A9: 50 | B9: =[1]Card!AF62 -> 0.22842563 | C9: 0.0098234597 | D9: =1/C9 -> 101.79713 | E9: 新手
A10: 50 | B10: =[1]Card!AH62 -> 0.23294055 | C10: 0.0081862164 | D10: =1/C10 -> 122.15656 | E10: 老手
A13: Feature：
A14: 1. Base Game中，為[4,5,6,7,6,5,4]盤面。相同Symbol相連數量大於等於6連線後消除所有連線的標誌後，剩餘標誌往下掉落。 2. 初始盤面為Combo0，有連線消除後，變為Combo1+，並掉落新的標誌。 3. 中央固定為wild符號，當wild符號第二次得分時，這個位置會添加一個倍數，從 x2 開始，每次得分再 +2，上限為1000。 4. 每當符號得分的網格位置包含倍數時，得分為基本得分乘以網格倍數相互疊加。 5. 每一滾輪皆有機會出現C1，連線消除後也有機會出現C1，但若該轉輪已有C1，連線消除後該轉輪不會再出現C1。
A24: Pay Table： | B24: All wins show for 100 credit bet.
A26: Scatter Pay： | B26: C1 *
A27: 3 | B27: 0x
A28: 4 | B28: 0x
A29: 5 | B29: 0x
A30: 6 | B30: 0x
A31: 7 | B31: 0x
A32: *[C1]僅計算出現總數，對應倍數乘以押分。
B35: 6 | C35: 7 | D35: 8 | E35: 9 | F35: 10 | G35: 11 | H35: 12 | I35: 13 | J35: 14 | K35: 15+
A36: M1 | B36: 100 | C36: 200 | D36: 300 | E36: 500 | F36: 700 | G36: 1000 | H36: 1400 | I36: 3000 | J36: 4000 | K36: 5000
A37: M2 | B37: 60 | C37: 120 | D37: 160 | E37: 300 | F37: 400 | G37: 500 | H37: 600 | I37: 1100 | J37: 1200 | K37: 2000
A38: M3 | B38: 16 | C38: 20 | D38: 30 | E38: 100 | F38: 200 | G38: 400 | H38: 500 | I38: 700 | J38: 800 | K38: 1500
A39: M4 | B39: 16 | C39: 20 | D39: 30 | E39: 100 | F39: 200 | G39: 400 | H39: 500 | I39: 700 | J39: 800 | K39: 1500
A40: M5 | B40: 4 | C40: 10 | D40: 16 | E40: 60 | F40: 120 | G40: 200 | H40: 400 | I40: 550 | J40: 600 | K40: 1000
A41: M6 | B41: 4 | C41: 10 | D41: 16 | E41: 60 | F41: 120 | G41: 200 | H41: 400 | I41: 550 | J41: 600 | K41: 1000
A42: M7 | B42: 4 | C42: 10 | D42: 16 | E42: 60 | F42: 120 | G42: 200 | H42: 400 | I42: 550 | J42: 600 | K42: 1000

Sheet Description
B2: 1. 初始盤面(Combo 0)依照BaseGam權種Weights抽選輪帶按照BaseGameSymbol (Free Game Symbol) 中7個轉輪表和MY權重，決定初始盤面。
C4: BaseGame | D4: 權重 | F4: FreeGame | G4: 權重
C5: Initial 1 | D5: 900 | F5: Initial 1 | G5: 200
C6: Initial 2 | D6: 600 | F6: Initial 2 | G6: 600
C7: Initial 3 | D7: 600 | F7: Initial 3 | G7: 600
C8: Initial 4 | D8: 600 | F8: Initial 4 | G8: 800
C9: Initial 5 | D9: 800 | F9: Initial 5 | G9: 300
B11: 2. 所有符號均以至少 6個符號為一組進行連線得分，這些符號可以水平或垂直連接。遊戲在一個 [4,5,6,7,6,5,4]的符號網格上進行。
B13: 3. 中央符號固定為wild。當wild符號第二次得分時，這個位置會添加一個倍數，從 x2 開始，每次wild得分，倍數就會+2，直至最高 x1000。
B15: 4. 若有連線(此時變為Combo 1+)，則消除連線標誌後，剩餘標誌往下，依照消除數對應的(BaseDrop,FreeDrop,SuperFreeDrop)抽取掉落組合參數(同時消除複數個Symbol也只算一次消除)，然後抽取掉落方式(Random, Parallel),Random抽取為根據輪帶抽取權重Random Weights抽取7個轉輪表的掉落Symbol,Parallel為使用Parallel Weights抽取一個位置7個轉輪表共同使用。
C17: BaseDrop | D17: 1 | E17: 2 | F17: 3 | G17: 4 | H17: 5 | I17: 6 | J17: 7 | K17: 8 | L17: 9 | M17: 10+ | O17: FreeDrop | P17: 1 | Q17: 2 | R17: 3 | S17: 4 | T17: 5 | U17: 6 | V17: 7 | W17: 8 | X17: 9 | Y17: 10+
C18: Drop 1 | D18: 1000 | E18: 1000 | F18: 1000 | G18: 500 | H18: 500 | I18: 500 | J18: 10 | K18: 10 | L18: 10 | M18: 0 | O18: Drop 1 | P18: 300 | Q18: 300 | R18: 300 | S18: 100 | T18: 100 | U18: 100 | V18: 10 | W18: 10 | X18: 10 | Y18: 0
C19: Drop 2 | D19: 400 | E19: 400 | F19: 400 | G19: 200 | H19: 200 | I19: 200 | J19: 10 | K19: 10 | L19: 10 | M19: 0 | O19: Drop 2 | P19: 120 | Q19: 120 | R19: 120 | S19: 40 | T19: 40 | U19: 40 | V19: 10 | W19: 10 | X19: 10 | Y19: 0
C20: Drop 3 | D20: 1200 | E20: 1200 | F20: 1200 | G20: 600 | H20: 600 | I20: 600 | J20: 10 | K20: 10 | L20: 10 | M20: 0 | O20: Drop 3 | P20: 1200 | Q20: 1200 | R20: 1200 | S20: 240 | T20: 240 | U20: 240 | V20: 10 | W20: 10 | X20: 10 | Y20: 0
C21: Drop 4 | D21: 850 | E21: 0 | F21: 0 | G21: 0 | H21: 0 | I21: 0 | J21: 0 | K21: 0 | L21: 0 | M21: 0 | O21: Drop 4 | P21: 300 | Q21: 300 | R21: 300 | S21: 0 | T21: 0 | U21: 0 | V21: 0 | W21: 0 | X21: 0 | Y21: 0
C22: Drop 5 | D22: 1200 | E22: 1200 | F22: 1200 | G22: 600 | H22: 600 | I22: 600 | J22: 10 | K22: 10 | L22: 10 | M22: 0 | O22: Drop 5 | P22: 600 | Q22: 600 | R22: 600 | S22: 80 | T22: 80 | U22: 80 | V22: 10 | W22: 10 | X22: 10 | Y22: 0
C23: Drop 6 | D23: 951 | E23: 951 | F23: 951 | G23: 1500 | H23: 1500 | I23: 1500 | J23: 1155 | K23: 1155 | L23: 1155 | M23: 1100 | O23: Drop 6 | P23: 1300 | Q23: 1300 | R23: 1300 | S23: 1500 | T23: 1500 | U23: 1500 | V23: 1155 | W23: 1155 | X23: 1155 | Y23: 1100
B25: 4. 3個以上scatter觸發對應場次freegame和retrigger,一行最多出現一個C1，若在該行已存在C1的情況掉落新的C1，則將新的C1替換為MY1。
C27: Scatter | D27: 場次
C28: 3 | D28: 8
C29: 4 | D29: 10
C30: 5 | D30: 15
C31: 6 | D31: 20
C32: 7 | D32: 30
B34: 4.每當wild消除兩種符號，mega符號累計+1，上限為3，當畫面無法消除時，從Base Eliminate Symbol抽選mega符號轉換，放置對應數量的mega符號到盤面上，mega符號不可互相覆蓋，不可覆蓋到C1,wild上。
C36: Base Eliminate Symbol | D36: 權重 | G36: Free Eliminate Symbol | H36: 權重
C37: WW | D37: 0 | G37: WW | H37: 0
C38: C1 | D38: 0 | G38: C1 | H38: 0
C39: M1 | D39: 100 | G39: M1 | H39: 100
C40: M2 | D40: 110 | G40: M2 | H40: 110
C41: M3 | D41: 120 | G41: M3 | H41: 120
C42: M4 | D42: 150 | G42: M4 | H42: 150
C43: M5 | D43: 150 | G43: M5 | H43: 150
C44: M6 | D44: 180 | G44: M6 | H44: 180
C45: M7 | D45: 180 | G45: M7 | H45: 180
B48: 5. 當進行Buy Feature和Super Buy時,從Buy Feature Symbol進行盤面抽選，抽選完後根據BG Scatter權種決定Scatter數量，將對應數量隨機置換到盤面上(同一行不可出現2顆以上) , Base Game盤面Eliminate特色使用Buy Base Eliminate參數，進入Free Game後使用Free Eliminate參數。
C50: BG Scatter | D50: Feature | E50: Super Feature | H50: Buy Base Eliminate Symbol | I50: 權重
C51: 3 | D51: 1000 | E51: 1000 | H51: WW | I51: 0
C52: 4 | D52: 220 | E52: 220 | H52: C1 | I52: 0
C53: 5 | D53: 5 | E53: 5 | H53: M1 | I53: 100
C54: 6 | D54: 0 | E54: 0 | H54: M2 | I54: 110
C55: 7 | D55: 0 | E55: 0 | H55: M3 | I55: 120
H56: M4 | I56: 150
H57: M5 | I57: 150
H58: M6 | I58: 180
H59: M7 | I59: 180

Sheet 工作表1
A1: 0 | B1: 0.5 | C1: 0.5
A2: 1 | B2: 0.5 | C2: 0.5
A3: 2 | B3: 0.5 | C3: 0.5
A4: 3 | B4: 0.5 | C4: 0.5
A5: 4 | B5: 0.5 | C5: 0.5
A6: 5 | B6: 0.5 | C6: 0.5
A7: 6 | B7: 0.5 | C7: 0.5
A8: 7 | B8: 0.5 | C8: 0.5
A9: 8 | B9: 0.5 | C9: 0.5
A10: 9 | B10: 0.5 | C10: 0.5
A11: 10 | B11: 0.5 | C11: 0.5
A12: 15 | B12: 0.5 | C12: 0.5
... A57: 25000 | B57: 0.5 | C57: 0.5
B58: 0.5 | C58: 0.5

Sheet Card
AZ2: 新手(A) | BB2: 老手(A) | BD2: 新手 (EX)(A) | BF2: 老手 (EX)(A) | BH2: 新手(B) | BJ2: 老手(B) | BL2: 新手 (EX)(B) | BN2: 老手 (EX)(B)
A3: Lower | B3: Upper | C3: Simulator Cnt | F3: Simulator Pay | I3: Simulator Rate | L3: Simulator RTP | P3: Range | Q3: Base Game | AI3: Threshold | AQ3: =10^9 -> 1000000000 | AY3: Final RTP 1 | AZ3: =SUM(AY5:AY62)+AZ62*(SUM(AY67:AY125)) -> 1.8034641 | BA3: Final RTP 2 | BB3: =SUM(BA5:BA62)+BB62*(SUM(BA67:BA125)) -> 1.8055806 | BC3: Final RTP 3 | BD3: =SUM(BC5:BC62)+BD62*(SUM(BC67:BC125)) -> 2.241864 | BE3: Final RTP 4 | BF3: =SUM(BE5:BE62)+BF62*(SUM(BE67:BE125)) -> 2.2460393 | BG3: Final RTP 5 | BH3: =SUM(BG5:BG62)+BH62*(SUM(BG67:BG125)) -> 1.8034234 | BI3: Final RTP 6 | BJ3: =SUM(BI5:BI62)+BJ62*(SUM(BI67:BI125)) -> 1.8054681 | BK3: Final RTP 7 | BL3: =SUM(BK5:BK62)+BL62*(SUM(BK67:BK125)) -> 2.2418416 | BM3: Final RTP 8 | BN3: =SUM(BM5:BM62)+BN62*(SUM(BM67:BM125)) -> 2.2460283 | BQ3: 新手 | BR3: 老手1
C4: A | D4: B | E4: C | F4: A | G4: B | H4: C | I4: A | J4: B | K4: C | L4: A | M4: B | N4: C | Q4: 使用的表 | R4: Rate | S4: Fix Num 1 | T4: Fix Num 2 | U4: Fix Num 3 | V4: Fix Num 4 | W4: Fix Num 5 | X4: Fix Num 6 | Y4: Fix Num 7 | Z4: Fix Num 8 | AA4: Fix Rate 1 | AB4: Fix Rate 2 | AC4: Fix Rate 3 | AD4: Fix Rate 4 | AE4: Fix Num 5 | AF4: Fix Num 6 | AG4: Fix Num 7 | AH4: Fix Num 8 | AI4: Final Rate 1 | AJ4: Final Rate 2 | AK4: Final Rate 3 | AL4: Final Rate 4 | AM4: Final Rate 5 | AN4: Final Rate 6 | AO4: Final Rate 7 | AP4: Final Rate 8 | AQ4: Weight 1 | AR4: Weight 2 | AS4: Weight 3 | AT4: Weight 4 | AU4: Weight 5 | AV4: Weight 6 | AW4: Weight 7 | AX4: Weight 8 | AY4: Simulator RTP | AZ4: Hit Rate | BA4: Simulator RTP | BB4: Hit Rate | BC4: Simulator RTP | BD4: Hit Rate | BE4: Simulator RTP | BF4: Hit Rate | BG4: Simulator RTP | BH4: Hit Rate | BI4: Simulator RTP | BJ4: Hit Rate | BK4: Simulator RTP | BL4: Hit Rate | BM4: Simulator RTP | BN4: Hit Rate | BP4: Sugar Rush | BQ4: 調性1 | BR4: 調性2
A5: -1 | B5: 0 | C5: 47401554 | F5: 0 | I5: {=_xlfn.LET(_xlpm.x, C5:C61, _xlpm.x/SUM(_xlpm.x))} -> 0.48227795 | J5: {=_xlfn.LET(_xlpm.x, D5:D61, _xlpm.x/SUM(_xlpm.x))} -> #DIV/0! | L5: {=F5:F56/C5:C61/Overview!$A$5/5} -> 0 | M5: {=G5:G56/D5:D61/Overview!$A$5/5} -> #DIV/0! | P5: ="("&$A5&", "&$B5&"]" -> (-1, 0] | Q5: A | R5: =_xlfn.XLOOKUP(Q5, $I$4:$K$4, I5:K5) -> 0.48227795 | S5: 1 | T5: 1.3817774 | U5: 1 | V5: 1.4238 | W5: 1 | X5: 1.7 | Y5: 1 | Z5: 1.7 | AA5: {=$R5:$R62*S5:S62} -> 0.48227795 | AB5: {=$R5:$R62*T5:T62} -> 0.66640076 | AC5: {=$R5:$R62*U5:U62} -> 0.48227795 | AD5: {=$R5:$R62*V5:V62} -> 0.68666735 | AE5: {=$R5:$R62*W5:W62} -> 0.48227795 | AF5: {=$R5:$R62*X5:X62} -> 0.81987251 | AG5: {=$R5:$R62*Y5:Y62} -> 0.48227795 | AH5: {=$R5:$R62*Z5:Z62} -> 0.81987251 | AI5: {=AA5:AA61/SUM(_xlfn.ANCHORARRAY(AA5))} -> 0.6903104 | AJ5: {=AB5:AB61/SUM(_xlfn.ANCHORARRAY(AB5))} -> 0.65920829 | AK5: {=AC5:AC61/SUM(_xlfn.ANCHORARRAY(AC5))} -> 0.68872772 | AL5: {=AD5:AD61/SUM(_xlfn.ANCHORARRAY(AD5))} -> 0.6644678 | AM5: {=AE5:AE61/SUM(_xlfn.ANCHORARRAY(AE5))} -> 0.69459842 | AN5: {=AF5:AF61/SUM(_xlfn.ANCHORARRAY(AF5))} -> 0.69618814 | AO5: {=AG5:AG61/SUM(_xlfn.ANCHORARRAY(AG5))} -> 0.69518531 | AP5: {=AH5:AH61/SUM(_xlfn.ANCHORARRAY(AH5))} -> 0.69560007 | AQ5: =INT($AQ3-SUM(_xlfn.ANCHORARRAY(AQ6))) -> 691775284 | AR5: =INT($AQ3-SUM(_xlfn.ANCHORARRAY(AR6))) -> 659176226 | AS5: =INT($AQ3-SUM(_xlfn.ANCHORARRAY(AS6))) -> 691635190 | AT5: =INT($AQ3-SUM(_xlfn.ANCHORARRAY(AT6))) -> 664275682 | AU5: =INT($AQ3-SUM(_xlfn.ANCHORARRAY(AU6))) -> 696093499 | AV5: =INT($AQ3-SUM(_xlfn.ANCHORARRAY(AV6))) -> 695739870 | AW5: =INT($AQ3-SUM(_xlfn.ANCHORARRAY(AW6))) -> 698183724 | AX5: =INT($AQ3-SUM(_xlfn.ANCHORARRAY(AX6))) -> 694699271 | AY5: =_xlfn.LET(_xlpm.x, _xlfn.XLOOKUP($Q5, $L$4:$N$4, $L5:$N5), IF(ISERROR(_xlpm.x), 0, _xlpm.x)*AQ5/$AQ$3) -> 0 | AZ5: {=_xlfn.LET(_xlpm.x, AQ5:AQ62, _xlpm.x/SUM(_xlpm.x))} -> 0.69177528 | BA5: =_xlfn.LET(_xlpm.x, _xlfn.XLOOKUP($Q5, $L$4:$N$4, $L5:$N5), IF(ISERROR(_xlpm.x), 0, _xlpm.x)*AR5/$AQ$3) -> 0 | BB5: {=_xlfn.LET(_xlpm.x, AR5:AR62, _xlpm.x/SUM(_xlpm.x))} -> 0.65917623 | BC5: =_xlfn.LET(_xlpm.x, _xlfn.XLOOKUP($Q5, $L$4:$N$4, $L5:$N5), IF(ISERROR(_xlpm.x), 0, _xlpm.x)*AS5/$AQ$3) -> 0 | BD5: {=_xlfn.LET(_xlpm.x, AS5:AS62, _xlpm.x/SUM(_xlpm.x))} -> 0.69163519 | BE5: =_xlfn.LET(_xlpm.x, _xlfn.XLOOKUP($Q5, $L$4:$N$4, $L5:$N5), IF(ISERROR(_xlpm.x), 0, _xlpm.x)*AT5/$AQ$3) -> 0 | BF5: {=_xlfn.LET(_xlpm.x, AT5:AT62, _xlpm.x/SUM(_xlpm.x))} -> 0.66427568 | BG5: =_xlfn.LET(_xlpm.x, _xlfn.XLOOKUP($Q5, $L$4:$N$4, $L5:$N5), IF(ISERROR(_xlpm.x), 0, _xlpm.x)*AU5/$AQ$3) -> 0 | BH5: {=_xlfn.LET(_xlpm.x, AU5:AU62, _xlpm.x/SUM(_xlpm.x))} -> 0.6960935 | BI5: =_xlfn.LET(_xlpm.x, _xlfn.XLOOKUP($Q5, $L$4:$N$4, $L5:$N5), IF(ISERROR(_xlpm.x), 0, _xlpm.x)*AV5/$AQ$3) -> 0 | BJ5: {=_xlfn.LET(_xlpm.x, AV5:AV62, _xlpm.x/SUM(_xlpm.x))} -> 0.69573987 | BK5: =_xlfn.LET(_xlpm.x, _xlfn.XLOOKUP($Q5, $L$4:$N$4, $L5:$N5), IF(ISERROR(_xlpm.x), 0, _xlpm.x)*AW5/$AQ$3) -> 0 | BL5: {=_xlfn.LET(_xlpm.x, AW5:AW62, _xlpm.x/SUM(_xlpm.x))} -> 0.69818372 | BM5: =_xlfn.LET(_xlpm.x, _xlfn.XLOOKUP($Q5, $L$4:$N$4, $L5:$N5), IF(ISERROR(_xlpm.x), 0, _xlpm.x)*AX5/$AQ$3) -> 0 | BN5: {=_xlfn.LET(_xlpm.x, AX5:AX62, _xlpm.x/SUM(_xlpm.x))} -> 0.69469927 | BP5: 0.65880662 | BQ5: {=(1-AZ62)*AZ5:AZ56+AZ62*AZ67:AZ118} -> 0.68942602 | BR5: {=(1-BB62)*BB5:BB56+BB62*BB67:BB118} -> 0.65721748
A6: 0 | B6: 1 | C6: 17093477 | F6: 5054551150 | I6: 0.17391428 | J6: #DIV/0! | L6: 1.1828023 | M6: #DIV/0! | P6: ="("&$A6&", "&$B6&"]" -> (0, 1] | Q6: A | R6: =_xlfn.SINGLE(_xlfn.XLOOKUP(Q6, $I$4:$K$4, I6:K6)) -> 0.17391428 | S6: 0.5 | T6: 1.2892613 | U6: 0.5 | V6: 1.2892613 | W6: 0.5 | X6: 1.2892613 | Y6: 0.5 | Z6: 1.2892613 | AA6: 0.086957139 | AB6: 0.22422095 | AC6: 0.086957139 | AD6: 0.22422095 | AE6: 0.086957139 | AF6: 0.22422095 | AG6: 0.086957139 | AH6: 0.22422095 | AI6: 0.12446644 | AJ6: 0.22180093 | AK6: 0.12418107 | AL6: 0.21697202 | AM6: 0.12523959 | AN6: 0.19039541 | AO6: 0.12534541 | AP6: 0.19023458 | AQ6: {=INT(AI6:AI62*$AQ3)} -> 124466435 | AR6: {=INT(AJ6:AJ62*$AQ3)} -> 221800927 | AS6: {=INT(AK6:AK62*$AQ3)} -> 124181070 | AT6: {=INT(AL6:AL62*$AQ3)} -> 216972020 | AU6: {=INT(AM6:AM62*$AQ3)} -> 125239587 | AV6: {=INT(AN6:AN62*$AQ3)} -> 190395411 | AW6: {=INT(AO6:AO62*$AQ3)} -> 125345405 | AX6: {=INT(AP6:AP62*$AQ3)} -> 190234584 | AY6: =_xlfn.LET(_xlpm.x, _xlfn.XLOOKUP($Q6, $L$4:$N$4, $L6:$N6), IF(ISERROR(_xlpm.x), 0, _xlpm.x)*AQ6/$AQ$3) -> 0.14721919 | AZ6: 0.12446644 | BA6: =_xlfn.LET(_xlpm.x, _xlfn.XLOOKUP($Q6, $L$4:$N$4, $L6:$N6), IF(ISERROR(_xlpm.x), 0, _xlpm.x)*AR6/$AQ$3) -> 0.26234666 | BB6: 0.22180093 | BC6: =_xlfn.LET(_xlpm.x, _xlfn.XLOOKUP($Q6, $L$4:$N$4, $L6:$N6), IF(ISERROR(_xlpm.x), 0, _xlpm.x)*AS6/$AQ$3) -> 0.14688166 | BD6: 0.12418107 | BE6: =_xlfn.LET(_xlpm.x, _xlfn.XLOOKUP($Q6, $L$4:$N$4, $L6:$N6), IF(ISERROR(_xlpm.x), 0, _xlpm.x)*AT6/$AQ$3) -> 0.25663501 | BF6: 0.21697202 | BG6: =_xlfn.LET(_xlpm.x, _xlfn.XLOOKUP($Q6, $L$4:$N$4, $L6:$N6), IF(ISERROR(_xlpm.x), 0, _xlpm.x)*AU6/$AQ$3) -> 0.14813368 | BH6: 0.12523959 | BI6: =_xlfn.LET(_xlpm.x, _xlfn.XLOOKUP($Q6, $L$4:$N$4, $L6:$N6), IF(ISERROR(_xlpm.x), 0, _xlpm.x)*AV6/$AQ$3) -> 0.22520014 | BJ6: 0.19039541 | BK6: =_xlfn.LET(_xlpm.x, _xlfn.XLOOKUP($Q6, $L$4:$N$4, $L6:$N6), IF(ISERROR(_xlpm.x), 0, _xlpm.x)*AW6/$AQ$3) -> 0.14825884 | BL6: 0.1253454 | BM6: =_xlfn.LET(_xlpm.x, _xlfn.XLOOKUP($Q6, $L$4:$N$4, $L6:$N6), IF(ISERROR(_xlpm.x), 0, _xlpm.x)*AX6/$AQ$3) -> 0.22500991 | BN6: 0.19023458 | BP6: 0.22414436 | BQ6: 0.12404375 | BR6: 0.22114185
A7: 1 | B7: 2 | C7: 11621270 | F7: 8780093925 | I7: 0.11823837 | J7: #DIV/0! | L7: 3.0220773 | M7: #DIV/0! | P7: ="("&$A7&", "&$B7&"]" -> (1, 2] | Q7: A | R7: =_xlfn.SINGLE(_xlfn.XLOOKUP(Q7, $I$4:$K$4, I7:K7)) -> 0.11823837 | S7: 0.4 | T7: 0.49737495 | U7: 0.4 | V7: 0.49737495 | W7: 0.3 | X7: 0.49737495 | Y7: 0.3 | Z7: 0.49737495 | AA7: 0.047295346 | AB7: 0.058808801 | AC7: 0.047295346 | AD7: 0.058808801 | AE7: 0.03547151 | AF7: 0.058808801 | AG7: 0.03547151 | AH7: 0.058808801 | AI7: 0.067696376 | AJ7: 0.058174077 | AK7: 0.067541168 | AL7: 0.056907548 | AM7: 0.051087666 | AN7: 0.049937019 | AO7: 0.051130831 | AP7: 0.049894838 | AQ7: 67696375 | AR7: 58174076 | AS7: 67541167 | AT7: 56907547 | AU7: 51087665 | AV7: 49937019 | AW7: 51130830 | AX7: 49894837 | AY7: =_xlfn.LET(_xlpm.x, _xlfn.XLOOKUP($Q7, $L$4:$N$4, $L7:$N7), IF(ISERROR(_xlpm.x), 0, _xlpm.x)*AQ7/$AQ$3) -> 0.20458367 | AZ7: 0.067696375 | BA7: =_xlfn.LET(_xlpm.x, _xlfn.XLOOKUP($Q7, $L$4:$N$4, $L7:$N7), IF(ISERROR(_xlpm.x), 0, _xlpm.x)*AR7/$AQ$3) -> 0.17580655 | BB7: 0.058174076 | BC7: =_xlfn.LET(_xlpm.x, _xlfn.XLOOKUP($Q7, $L$4:$N$4, $L7:$N7), IF(ISERROR(_xlpm.x), 0, _xlpm.x)*AS7/$AQ$3) -> 0.20411462 | BD7: 0.067541167 | BE7: =_xlfn.LET(_xlpm.x, _xlfn.XLOOKUP($Q7, $L$4:$N$4, $L7:$N7), IF(ISERROR(_xlpm.x), 0, _xlpm.x)*AT7/$AQ$3) -> 0.171979 | BF7: 0.056907547 | BG7: =_xlfn.LET(_xlpm.x, _xlfn.XLOOKUP($Q7, $L$4:$N$4, $L7:$N7), IF(ISERROR(_xlpm.x), 0, _xlpm.x)*AU7/$AQ$3) -> 0.15439087 | BH7: 0.051087665 | BI7: =_xlfn.LET(_xlpm.x, _xlfn.XLOOKUP($Q7, $L$4:$N$4, $L7:$N7), IF(ISERROR(_xlpm.x), 0, _xlpm.x)*AV7/$AQ$3) -> 0.15091353 | BJ7: 0.049937019 | BK7: =_xlfn.LET(_xlpm.x, _xlfn.XLOOKUP($Q7, $L$4:$N$4, $L7:$N7), IF(ISERROR(_xlpm.x), 0, _xlpm.x)*AW7/$AQ$3) -> 0.15452132 | BL7: 0.05113083 | BM7: =_xlfn.LET(_xlpm.x, _xlfn.XLOOKUP($Q7, $L$4:$N$4, $L7:$N7), IF(ISERROR(_xlpm.x), 0, _xlpm.x)*AX7/$AQ$3) -> 0.15078605 | BN7: 0.049894837 | BP7: 0.05934955 | BQ7: 0.067466478 | BR7: 0.058043069
A8: 2 | B8: 3 | C8: 6640250 | F8: 8286213875 | I8: 0.06755994 | J8: #DIV/0! | L8: 4.9915072 | M8: #DIV/0! | P8: ="("&$A8&", "&$B8&"]" -> (2, 3] | Q8: A | R8: =_xlfn.SINGLE(_xlfn.XLOOKUP(Q8, $I$4:$K$4, I8:K8)) -> 0.06755994 | S8: 0.45 | T8: 0.26606414 | U8: 0.4295 | V8: 0.26606414 | W8: 0.45 | X8: 0.26606414 | Y8: 0.4 | Z8: 0.26606414 | AA8: 0.030401973 | AB8: 0.017975277 | AC8: 0.029016994 | AD8: 0.017975277 | AE8: 0.030401973 | AF8: 0.017975277 | AG8: 0.027023976 | AH8: 0.017975277 | AI8: 0.043515981 | AJ8: 0.01778127 | AK8: 0.041438362 | AL8: 0.017394147 | AM8: 0.043786291 | AN8: 0.015263562 | AO8: 0.038954033 | AP8: 0.015250669 | AQ8: 43515981 | AR8: 17781269 | AS8: 41438362 | AT8: 17394147 | AU8: 43786290 | AV8: 15263561 | AW8: 38954032 | AX8: 15250668 | AY8: =_xlfn.LET(_xlpm.x, _xlfn.XLOOKUP($Q8, $L$4:$N$4, $L8:$N8), IF(ISERROR(_xlpm.x), 0, _xlpm.x)*AQ8/$AQ$3) -> 0.21721033 | AZ8: 0.043515981 | BA8: =_xlfn.LET(_xlpm.x, _xlfn.XLOOKUP($Q8, $L$4:$N$4, $L8:$N8), IF(ISERROR(_xlpm.x), 0, _xlpm.x)*AR8/$AQ$3) -> 0.088755332 | BB8: 0.017781269 | BC8: =_xlfn.LET(_xlpm.x, _xlfn.XLOOKUP($Q8, $L$4:$N$4, $L8:$N8), IF(ISERROR(_xlpm.x), 0, _xlpm.x)*AS8/$AQ$3) -> 0.20683988 | BD8: 0.041438362 | BE8: =_xlfn.LET(_xlpm.x, _xlfn.XLOOKUP($Q8, $L$4:$N$4, $L8:$N8), IF(ISERROR(_xlpm.x), 0, _xlpm.x)*AT8/$AQ$3) -> 0.08682301 | BF8: 0.017394147 | BG8: =_xlfn.LET(_xlpm.x, _xlfn.XLOOKUP($Q8, $L$4:$N$4, $L8:$N8), IF(ISERROR(_xlpm.x), 0, _xlpm.x)*AU8/$AQ$3) -> 0.21855958 | BH8: 0.04378629 | BI8: =_xlfn.LET(_xlpm.x, _xlfn.XLOOKUP($Q8, $L$4:$N$4, $L8:$N8), IF(ISERROR(_xlpm.x), 0, _xlpm.x)*AV8/$AQ$3) -> 0.076188174 | BJ8: 0.015263561 | BK8: =_xlfn.LET(_xlpm.x, _xlfn.XLOOKUP($Q8, $L$4:$N$4, $L8:$N8), IF(ISERROR(_xlpm.x), 0, _xlpm.x)*AW8/$AQ$3) -> 0.19443933 | BL8: 0.038954032 | BM8: =_xlfn.LET(_xlpm.x, _xlfn.XLOOKUP($Q8, $L$4:$N$4, $L8:$N8), IF(ISERROR(_xlpm.x), 0, _xlpm.x)*AX8/$AQ$3) -> 0.076123819 | BN8: 0.015250668 | BP8: 0.018257306 | BQ8: 0.043368201 | BR8: 0.017770678
A9: 3 | B9: 4 | C9: 3771306 | F9: 6586601700 | I9: 0.038370424 | J9: #DIV/0! | L9: 6.9860167 | M9: #DIV/0! | P9: ="("&$A9&", "&$B9&"]" -> (3, 4] | Q9: A | R9: =_xlfn.SINGLE(_xlfn.XLOOKUP(Q9, $I$4:$K$4, I9:K9)) -> 0.038370424 | S9: 0.4925 | T9: 0.23983851 | U9: 0.5 | V9: 0.23983851 | W9: 0.4925 | X9: 0.23983851 | Y9: 0.4925 | Z9: 0.23983851 | AA9: 0.018897434 | AB9: 0.0092027052 | AC9: 0.019185212 | AD9: 0.0092027052 | AE9: 0.018897434 | AF9: 0.0092027052 | AG9: 0.018897434 | AH9: 0.0092027052 | AI9: 0.027048915 | AJ9: 0.0091033803 | AK9: 0.027397867 | AL9: 0.0089051873 | AM9: 0.027216935 | AN9: 0.007814403 | AO9: 0.027239932 | AP9: 0.0078078022 | AQ9: 27048914 | AR9: 9103380 | AS9: 27397867 | AT9: 8905187 | AU9: 27216935 | AV9: 7814402 | AW9: 27239931 | AX9: 7807802 | AY9: =_xlfn.LET(_xlpm.x, _xlfn.XLOOKUP($Q9, $L$4:$N$4, $L9:$N9), IF(ISERROR(_xlpm.x), 0, _xlpm.x)*AQ9/$AQ$3) -> 0.18896417 | AZ9: 0.027048914 | BA9: =_xlfn.LET(_xlpm.x, _xlfn.XLOOKUP($Q9, $L$4:$N$4, $L9:$N9), IF(ISERROR(_xlpm.x), 0, _xlpm.x)*AR9/$AQ$3) -> 0.063596365 | BB9: 0.00910338 | BC9: =_xlfn.LET(_xlpm.x, _xlfn.XLOOKUP($Q9, $L$4:$N$4, $L9:$N9), IF(ISERROR(_xlpm.x), 0, _xlpm.x)*AS9/$AQ$3) -> 0.19140196 | BD9: 0.027397867 | BE9: =_xlfn.LET(_xlpm.x, _xlfn.XLOOKUP($Q9, $L$4:$N$4, $L9:$N9), IF(ISERROR(_xlpm.x), 0, _xlpm.x)*AT9/$AQ$3) -> 0.062211785 | BF9: 0.008905187 | BG9: =_xlfn.LET(_xlpm.x, _xlfn.XLOOKUP($Q9, $L$4:$N$4, $L9:$N9), IF(ISERROR(_xlpm.x), 0, _xlpm.x)*AU9/$AQ$3) -> 0.19013796 | BH9: 0.027216935 | BI9: =_xlfn.LET(_xlpm.x, _xlfn.XLOOKUP($Q9, $L$4:$N$4, $L9:$N9), IF(ISERROR(_xlpm.x), 0, _xlpm.x)*AV9/$AQ$3) -> 0.054591543 | BJ9: 0.007814402 | BK9: =_xlfn.LET(_xlpm.x, _xlfn.XLOOKUP($Q9, $L$4:$N$4, $L9:$N9), IF(ISERROR(_xlpm.x), 0, _xlpm.x)*AW9/$AQ$3) -> 0.19029861 | BL9: 0.027239931 | BM9: =_xlfn.LET(_xlpm.x, _xlfn.XLOOKUP($Q9, $L$4:$N$4, $L9:$N9), IF(ISERROR(_xlpm.x), 0, _xlpm.x)*AX9/$AQ$3) -> 0.054545435 | BN9: 0.007807802 | BP9: 0.0093681801 | BQ9: 0.026957056 | BR9: 0.0091190428
A10: 4 | B10: 5 | C10: 2297819 | F10: 5168851175 | I10: 0.023378715 | J10: #DIV/0! | L10: 8.9978387 | M10: #DIV/0! | P10: ="("&$A10&", "&$B10&"]" -> (4, 5] | Q10: A | R10: =_xlfn.SINGLE(_xlfn.XLOOKUP(Q10, $I$4:$K$4, I10:K10)) -> 0.023378715 | S10: 0.5 | T10: 0.25695291 | U10: 0.5 | V10: 0.25695291 | W10: 0.7 | X10: 0.25695291 | Y10: 0.7 | Z10: 0.25695291 | AA10: 0.011689358 | AB10: 0.006007229 | AC10: 0.011689358 | AD10: 0.006007229 | AE10: 0.016365101 | AF10: 0.006007229 | AG10: 0.016365101 | AH10: 0.006007229 | AI10: 0.016731607 | AJ10: 0.0059423929 | AK10: 0.016693246 | AL10: 0.0058130189 | AM10: 0.023569755 | AN10: 0.0051009901 | AO10: 0.02358967 | AP10: 0.0050966813 | AQ10: 16731607 | AR10: 5942392 | AS10: 16693246 | AT10: 5813018 | AU10: 23569754 | AV10: 5100990 | AW10: 23589669 | AX10: 5096681 | AY10: =_xlfn.LET(_xlpm.x, _xlfn.XLOOKUP($Q10, $L$4:$N$4, $L10:$N10), IF(ISERROR(_xlpm.x), 0, _xlpm.x)*AQ10/$AQ$3) -> 0.1505483 | AZ10: 0.016731607 | BA10: =_xlfn.LET(_xlpm.x, _xlfn.XLOOKUP($Q10, $L$4:$N$4, $L10:$N10), IF(ISERROR(_xlpm.x), 0, _xlpm.x)*AR10/$AQ$3) -> 0.053468685 | BB10: 0.005942392 | BC10: =_xlfn.LET(_xlpm.x, _xlfn.XLOOKUP($Q10, $L$4:$N$4, $L10:$N10), IF(ISERROR(_xlpm.x), 0, _xlpm.x)*AS10/$AQ$3) -> 0.15020313 | BD10: 0.016693246 | BE10: =_xlfn.LET(_xlpm.x, _xlfn.XLOOKUP($Q10, $L$4:$N$4, $L10:$N10), IF(ISERROR(_xlpm.x), 0, _xlpm.x)*AT10/$AQ$3) -> 0.052304598 | BF10: 0.005813018 | BG10: =_xlfn.LET(_xlpm.x, _xlfn.XLOOKUP($Q10, $L$4:$N$4, $L10:$N10), IF(ISERROR(_xlpm.x), 0, _xlpm.x)*AU10/$AQ$3) -> 0.21207684 | BH10: 0.023569754 | BI10: =_xlfn.LET(_xlpm.x, _xlfn.XLOOKUP($Q10, $L$4:$N$4, $L10:$N10), IF(ISERROR(_xlpm.x), 0, _xlpm.x)*AV10/$AQ$3) -> 0.045897885 | BJ10: 0.00510099 | BK10: =_xlfn.LET(_xlpm.x, _xlfn.XLOOKUP($Q10, $L$4:$N$4, $L10:$N10), IF(ISERROR(_xlpm.x), 0, _xlpm.x)*AW10/$AQ$3) -> 0.21225604 | BL10: 0.023589669 | BM10: =_xlfn.LET(_xlpm.x, _xlfn.XLOOKUP($Q10, $L$4:$N$4, $L10:$N10), IF(ISERROR(_xlpm.x), 0, _xlpm.x)*AX10/$AQ$3) -> 0.045859113 | BN10: 0.005096681 | BP10: 0.0061212541 | BQ10: 0.016674786 | BR10: 0.005967411
A11: 5 | B11: 6 | C11: 1563754 | F11: 4304092200 | I11: 0.015910113 | J11: #DIV/0! | L11: 11.00964 | M11: #DIV/0! | P11: ="("&$A11&", "&$B11&"]" -> (5, 6] | Q11: A | R11: =_xlfn.SINGLE(_xlfn.XLOOKUP(Q11, $I$4:$K$4, I11:K11)) -> 0.015910113 | S11: 0.3 | T11: 0.22354049 | U11: 0.3 | V11: 0.22354049 | W11: 0.9105 | X11: 0.22354049 | Y11: 0.9 | Z11: 0.22354049 | AA11: 0.0047730339 | AB11: 0.0035565544 | AC11: 0.0047730339 | AD11: 0.0035565544 | AE11: 0.014486158 | AF11: 0.0035565544 | AG11: 0.014319102 | AH11: 0.0035565544 | AI11: 0.0068319004 | AJ11: 0.0035181685 | AK11: 0.0068162368 | AL11: 0.0034415732 | AM11: 0.020863617 | AN11: 0.0030200195 | AO11: 0.02064044 | AP11: 0.0030174685 | AQ11: 6831900 | AR11: 3518168 | AS11: 6816236 | AT11: 3441573 | AU11: 20863616 | AV11: 3020019 | AW11: 20640439 | AX11: 3017468 | AY11: =_xlfn.LET(_xlpm.x, _xlfn.XLOOKUP($Q11, $L$4:$N$4, $L11:$N11), IF(ISERROR(_xlpm.x), 0, _xlpm.x)*AQ11/$AQ$3) -> 0.07521676 | AZ11: 0.0068319 | BA11: =_xlfn.LET(_xlpm.x, _xlfn.XLOOKUP($Q11, $L$4:$N$4, $L11:$N11), IF(ISERROR(_xlpm.x), 0, _xlpm.x)*AR11/$AQ$3) -> 0.038733764 | BB11: 0.003518168 | BC11: =_xlfn.LET(_xlpm.x, _xlfn.XLOOKUP($Q11, $L$4:$N$4, $L11:$N11), IF(ISERROR(_xlpm.x), 0, _xlpm.x)*AS11/$AQ$3) -> 0.075044305 | BD11: 0.006816236 | BE11: =_xlfn.LET(_xlpm.x, _xlfn.XLOOKUP($Q11, $L$4:$N$4, $L11:$N11), IF(ISERROR(_xlpm.x), 0, _xlpm.x)*AT11/$AQ$3) -> 0.03789048 | BF11: 0.003441573 | BG11: =_xlfn.LET(_xlpm.x, _xlfn.XLOOKUP($Q11, $L$4:$N$4, $L11:$N11), IF(ISERROR(_xlpm.x), 0, _xlpm.x)*AU11/$AQ$3) -> 0.2297009 | BH11: 0.020863616 | BI11: =_xlfn.LET(_xlpm.x, _xlfn.XLOOKUP($Q11, $L$4:$N$4, $L11:$N11), IF(ISERROR(_xlpm.x), 0, _xlpm.x)*AV11/$AQ$3) -> 0.033249322 | BJ11: 0.003020019 | BK11: =_xlfn.LET(_xlpm.x, _xlfn.XLOOKUP($Q11, $L$4:$N$4, $L11:$N11), IF(ISERROR(_xlpm.x), 0, _xlpm.x)*AW11/$AQ$3) -> 0.22724381 | BL11: 0.020640439 | BM11: =_xlfn.LET(_xlpm.x, _xlfn.XLOOKUP($Q11, $L$4:$N$4, $L11:$N11), IF(ISERROR(_xlpm.x), 0, _xlpm.x)*AX11/$AQ$3) -> 0.033221237 | BN11: 0.003017468 | BP11: 0.0036195241 | BQ11: 0.0068086989 | BR11: 0.0035942556
A12: 6 | B12: 7 | C12: 1129414 | F12: 3674909250 | I12: 0.011491004 | J12: #DIV/0! | L12: 13.015278 | M12: #DIV/0! | P12: ="("&$A12&", "&$B12&"]" -> (6, 7] | Q12: A | R12: =_xlfn.SINGLE(_xlfn.XLOOKUP(Q12, $I$4:$K$4, I12:K12)) -> 0.011491004 | S12: 0.3 | T12: 0.24467549 | U12: 0.3 | V12: 0.24467549 | W12: 0.1 | X12: 0.2 | Y12: 0.1 | Z12: 0.2 | AA12: 0.0034473013 | AB12: 0.0028115671 | AC12: 0.0034473013 | AD12: 0.0028115671 | AE12: 0.0011491004 | AF12: 0.0022982009 | AG12: 0.0011491004 | AH12: 0.0022982009 | AI12: 0.004934308 | AJ12: 0.0027812218 | AK12: 0.0049229951 | AL12: 0.0027206709 | AM12: 0.0016549862 | AN12: 0.0019514988 | AO12: 0.0016563846 | AP12: 0.0019498503 | AQ12: 4934308 | AR12: 2781221 | AS12: 4922995 | AT12: 2720670 | AU12: 1654986 | AV12: 1951498 | AW12: 1656384 | AX12: 1949850 | AY12: =_xlfn.LET(_xlpm.x, _xlfn.XLOOKUP($Q12, $L$4:$N$4, $L12:$N12), IF(ISERROR(_xlpm.x), 0, _xlpm.x)*AQ12/$AQ$3) -> 0.06422139 | AZ12: 0.004934308 | BA12: =_xlfn.LET(_xlpm.x, _xlfn.XLOOKUP($Q12, $L$4:$N$4, $L12:$N12), IF(ISERROR(_xlpm.x), 0, _xlpm.x)*AR12/$AQ$3) -> 0.036198364 | BB12: 0.002781221 | BC12: =_xlfn.LET(_xlpm.x, _xlfn.XLOOKUP($Q12, $L$4:$N$4, $L12:$N12), IF(ISERROR(_xlpm.x), 0, _xlpm.x)*AS12/$AQ$3) -> 0.064074148 | BD12: 0.004922995 | BE12: =_xlfn.LET(_xlpm.x, _xlfn.XLOOKUP($Q12, $L$4:$N$4, $L12:$N12), IF(ISERROR(_xlpm.x), 0, _xlpm.x)*AT12/$AQ$3) -> 0.035410276 | BF12: 0.00272067 | BG12: =_xlfn.LET(_xlpm.x, _xlfn.XLOOKUP($Q12, $L$4:$N$4, $L12:$N12), IF(ISERROR(_xlpm.x), 0, _xlpm.x)*AU12/$AQ$3) -> 0.021540103 | BH12: 0.001654986 | BI12: =_xlfn.LET(_xlpm.x, _xlfn.XLOOKUP($Q12, $L$4:$N$4, $L12:$N12), IF(ISERROR(_xlpm.x), 0, _xlpm.x)*AV12/$AQ$3) -> 0.025399289 | BJ12: 0.001951498 | BK12: =_xlfn.LET(_xlpm.x, _xlfn.XLOOKUP($Q12, $L$4:$N$4, $L12:$N12), IF(ISERROR(_xlpm.x), 0, _xlpm.x)*AW12/$AQ$3) -> 0.021558298 | BL12: 0.001656384 | BM12: =_xlfn.LET(_xlpm.x, _xlfn.XLOOKUP($Q12, $L$4:$N$4, $L12:$N12), IF(ISERROR(_xlpm.x), 0, _xlpm.x)*AX12/$AQ$3) -> 0.025377839 | BN12: 0.00194985 | BP12: 0.002874328 | BQ12: 0.0049175511 | BR12: 0.0028153122
A13: 7 | B13: 8 | C13: 871364 | F13: 3273199000 | I13: 0.0088655246 | J13: #DIV/0! | L13: 15.025633 | M13: #DIV/0! | P13: ="("&$A13&", "&$B13&"]" -> (7, 8] | Q13: A | R13: =_xlfn.SINGLE(_xlfn.XLOOKUP(Q13, $I$4:$K$4, I13:K13)) -> 0.0088655246 | S13: 0.3 | T13: 0.29949353 | U13: 0.3 | V13: 0.29949353 | W13: 0.1 | X13: 0.25 | Y13: 0.1 | Z13: 0.25 | AA13: 0.0026596574 | AB13: 0.0026551673 | AC13: 0.0026596574 | AD13: 0.0026551673 | AE13: 0.00088655246 | AF13: 0.0022163812 | AG13: 0.00088655246 | AH13: 0.0022163812 | AI13: 0.0038069108 | AJ13: 0.00262651 | AK13: 0.0037981827 | AL13: 0.0025693273 | AM13: 0.0012768528 | AN13: 0.0018820222 | AO13: 0.0012779316 | AP13: 0.0018804325 | AQ13: 3806910 | AR13: 2626510 | AS13: 3798182 | AT13: 2569327 | AU13: 1276852 | AV13: 1882022 | AW13: 1277931 | AX13: 1880432 | AY13: =_xlfn.LET(_xlpm.x, _xlfn.XLOOKUP($Q13, $L$4:$N$4, $L13:$N13), IF(ISERROR(_xlpm.x), 0, _xlpm.x)*AQ13/$AQ$3) -> 0.057201234 | AZ13: 0.00380691 | BA13: =_xlfn.LET(_xlpm.x, _xlfn.XLOOKUP($Q13, $L$4:$N$4, $L13:$N13), IF(ISERROR(_xlpm.x), 0, _xlpm.x)*AR13/$AQ$3) -> 0.039464976 | BB13: 0.00262651 | BC13: =_xlfn.LET(_xlpm.x, _xlfn.XLOOKUP($Q13, $L$4:$N$4, $L13:$N13), IF(ISERROR(_xlpm.x), 0, _xlpm.x)*AS13/$AQ$3) -> 0.05707009 | BD13: 0.003798182 | BE13: =_xlfn.LET(_xlpm.x, _xlfn.XLOOKUP($Q13, $L$4:$N$4, $L13:$N13), IF(ISERROR(_xlpm.x), 0, _xlpm.x)*AT13/$AQ$3) -> 0.038605766 | BF13: 0.002569327 | BG13: =_xlfn.LET(_xlpm.x, _xlfn.XLOOKUP($Q13, $L$4:$N$4, $L13:$N13), IF(ISERROR(_xlpm.x), 0, _xlpm.x)*AU13/$AQ$3) -> 0.01918551 | BH13: 0.001276852 | BI13: =_xlfn.LET(_xlpm.x, _xlfn.XLOOKUP($Q13, $L$4:$N$4, $L13:$N13), IF(ISERROR(_xlpm.x), 0, _xlpm.x)*AV13/$AQ$3) -> 0.028278573 | BJ13: 0.001882022 | BK13: =_xlfn.LET(_xlpm.x, _xlfn.XLOOKUP($Q13, $L$4:$N$4, $L13:$N13), IF(ISERROR(_xlpm.x), 0, _xlpm.x)*AW13/$AQ$3) -> 0.019201723 | BL13: 0.001277931 | BM13: =_xlfn.LET(_xlpm.x, _xlfn.XLOOKUP($Q13, $L$4:$N$4, $L13:$N13), IF(ISERROR(_xlpm.x), 0, _xlpm.x)*AX13/$AQ$3) -> 0.028254682 | BN13: 0.001880432 | BP13: 0.0027146431 | BQ13: 0.0037939817 | BR13: 0.0026624334
A14: 8 | B14: 9 | C14: 693599 | F14: 2952383725 | I14: 0.007056889 | J14: #DIV/0! | L14: 17.026459 | M14: #DIV/0! | P14: ="("&$A14&", "&$B14&"]" -> (8, 9] | Q14: A | R14: =_xlfn.SINGLE(_xlfn.XLOOKUP(Q14, $I$4:$K$4, I14:K14)) -> 0.007056889 | S14: 0.3 | T14: 0.26555853 | U14: 0.3 | V14: 0.26555853 | W14: 0.1 | X14: 0.5 | Y14: 0.1 | Z14: 0.5 | AA14: 0.0021170667 | AB14: 0.0018740171 | AC14: 0.0021170667 | AD14: 0.0018740171 | AE14: 0.0007056889 | AF14: 0.0035284445 | AG14: 0.0007056889 | AH14: 0.0035284445 | AI14: 0.0030302716 | AJ14: 0.0018537908 | AK14: 0.003023324 | AL14: 0.0018134312 | AM14: 0.0010163649 | AN14: 0.0029961502 | AO14: 0.0010172237 | AP14: 0.0029936194 | AQ14: 3030271 | AR14: 1853790 | AS14: 3023324 | AT14: 1813431 | AU14: 1016364 | AV14: 2996150 | AW14: 1017223 | AX14: 2993619 | AY14: =_xlfn.LET(_xlpm.x, _xlfn.XLOOKUP($Q14, $L$4:$N$4, $L14:$N14), IF(ISERROR(_xlpm.x), 0, _xlpm.x)*AQ14/$AQ$3) -> 0.051594785 | AZ14: 0.003030271 | BA14: =_xlfn.LET(_xlpm.x, _xlfn.XLOOKUP($Q14, $L$4:$N$4, $L14:$N14), IF(ISERROR(_xlpm.x), 0, _xlpm.x)*AR14/$AQ$3) -> 0.031563479 | BB14: 0.00185379 | BC14: =_xlfn.LET(_xlpm.x, _xlfn.XLOOKUP($Q14, $L$4:$N$4, $L14:$N14), IF(ISERROR(_xlpm.x), 0, _xlpm.x)*AS14/$AQ$3) -> 0.051476502 | BD14: 0.003023324 | BE14: =_xlfn.LET(_xlpm.x, _xlfn.XLOOKUP($Q14, $L$4:$N$4, $L14:$N14), IF(ISERROR(_xlpm.x), 0, _xlpm.x)*AT14/$AQ$3) -> 0.030876308 | BF14: 0.001813431 | BG14: =_xlfn.LET(_xlpm.x, _xlfn.XLOOKUP($Q14, $L$4:$N$4, $L14:$N14), IF(ISERROR(_xlpm.x), 0, _xlpm.x)*AU14/$AQ$3) -> 0.01730508 | BH14: 0.001016364 | BI14: =_xlfn.LET(_xlpm.x, _xlfn.XLOOKUP($Q14, $L$4:$N$4, $L14:$N14), IF(ISERROR(_xlpm.x), 0, _xlpm.x)*AV14/$AQ$3) -> 0.051013825 | BJ14: 0.00299615 | BK14: =_xlfn.LET(_xlpm.x, _xlfn.XLOOKUP($Q14, $L$4:$N$4, $L14:$N14), IF(ISERROR(_xlpm.x), 0, _xlpm.x)*AW14/$AQ$3) -> 0.017319706 | BL14: 0.001017223 | BM14: =_xlfn.LET(_xlpm.x, _xlfn.XLOOKUP($Q14, $L$4:$N$4, $L14:$N14), IF(ISERROR(_xlpm.x), 0, _xlpm.x)*AX14/$AQ$3) -> 0.050970731 | BN14: 0.002993619 | BP14: 0.0019162187 | BQ14: 0.0030199802 | BR14: 0.0019351032
A15: 9 | B15: 10 | C15: 563083 | F15: 2679549175 | I15: 0.0057289792 | J15: #DIV/0! | L15: 19.034843 | M15: #DIV/0! | P15: ="("&$A15&", "&$B15&"]" -> (9, 10] | Q15: A | R15: =_xlfn.SINGLE(_xlfn.XLOOKUP(Q15, $I$4:$K$4, I15:K15)) -> 0.0057289792 | S15: 0.2 | T15: 0.2545739 | U15: 0.2 | V15: 0.2545739 | W15: 0.1 | X15: 1.1 | Y15: 0.1 | Z15: 1.1 | AA15: 0.0011457958 | AB15: 0.0014584486 | AC15: 0.0011457958 | AD15: 0.0014584486 | AE15: 0.00057289792 | AF15: 0.0063018771 | AG15: 0.00057289792 | AH15: 0.0063018771 | AI15: 0.0016400393 | AJ15: 0.0014427075 | AK15: 0.0016362791 | AL15: 0.0014112978 | AM15: 0.00082511338 | AN15: 0.0053511881 | AO15: 0.00082581054 | AP15: 0.005346668 | AQ15: 1640039 | AR15: 1442707 | AS15: 1636279 | AT15: 1411297 | AU15: 825113 | AV15: 5351188 | AW15: 825810 | AX15: 5346667 | AY15: =_xlfn.LET(_xlpm.x, _xlfn.XLOOKUP($Q15, $L$4:$N$4, $L15:$N15), IF(ISERROR(_xlpm.x), 0, _xlpm.x)*AQ15/$AQ$3) -> 0.031217885 | AZ15: 0.001640039 | BA15: =_xlfn.LET(_xlpm.x, _xlfn.XLOOKUP($Q15, $L$4:$N$4, $L15:$N15), IF(ISERROR(_xlpm.x), 0, _xlpm.x)*AR15/$AQ$3) -> 0.027461702 | BB15: 0.001442707 | BC15: =_xlfn.LET(_xlpm.x, _xlfn.XLOOKUP($Q15, $L$4:$N$4, $L15:$N15), IF(ISERROR(_xlpm.x), 0, _xlpm.x)*AS15/$AQ$3) -> 0.031146314 | BD15: 0.001636279 | BE15: =_xlfn.LET(_xlpm.x, _xlfn.XLOOKUP($Q15, $L$4:$N$4, $L15:$N15), IF(ISERROR(_xlpm.x), 0, _xlpm.x)*AT15/$AQ$3) -> 0.026863817 | BF15: 0.001411297 | BG15: =_xlfn.LET(_xlpm.x, _xlfn.XLOOKUP($Q15, $L$4:$N$4, $L15:$N15), IF(ISERROR(_xlpm.x), 0, _xlpm.x)*AU15/$AQ$3) -> 0.015705897 | BH15: 0.000825113 | BI15: =_xlfn.LET(_xlpm.x, _xlfn.XLOOKUP($Q15, $L$4:$N$4, $L15:$N15), IF(ISERROR(_xlpm.x), 0, _xlpm.x)*AV15/$AQ$3) -> 0.10185903 | BJ15: 0.005351188 | BK15: =_xlfn.LET(_xlpm.x, _xlfn.XLOOKUP($Q15, $L$4:$N$4, $L15:$N15), IF(ISERROR(_xlpm.x), 0, _xlpm.x)*AW15/$AQ$3) -> 0.015719164 | BL15: 0.00082581 | BM15: =_xlfn.LET(_xlpm.x, _xlfn.XLOOKUP($Q15, $L$4:$N$4, $L15:$N15), IF(ISERROR(_xlpm.x), 0, _xlpm.x)*AX15/$AQ$3) -> 0.10177297 | BN15: 0.005346667 | BP15: 0.0014903923 | BQ15: 0.0016344694 | BR15: 0.0017858425
A16: 10 | B16: 15 | C16: 1760734 | F16: 10750786875 | I16: 0.017914248 | J16: #DIV/0! | L16: 24.423421 | M16: #DIV/0! | P16: ="("&$A16&", "&$B16&"]" -> (10, 15] | Q16: A | R16: =_xlfn.SINGLE(_xlfn.XLOOKUP(Q16, $I$4:$K$4, I16:K16)) -> 0.017914248 | S16: 0.1452 | T16: 0.405 | U16: 0.12 | V16: 0.3942 | W16: 0.154 | X16: 0.682 | Y16: 0.1296 | Z16: 0.6 | AA16: 0.0026011488 | AB16: 0.0072552704 | AC16: 0.0021497097 | AD16: 0.0070617965 | AE16: 0.0027587942 | AF16: 0.012217517 | AG16: 0.0023216865 | AH16: 0.010748549 | AI16: 0.0037231643 | AJ16: 0.0071769641 | AK16: 0.0030699406 | AL16: 0.0068334929 | AM16: 0.0039733396 | AN16: 0.010374406 | AO16: 0.0033466227 | AP16: 0.0091193339 | AQ16: 3723164 | AR16: 7176964 | AS16: 3069940 | AT16: 6833492 | AU16: 3973339 | AV16: 10374406 | AW16: 3346622 | AX16: 9119333 | AY16: =_xlfn.LET(_xlpm.x, _xlfn.XLOOKUP($Q16, $L$4:$N$4, $L16:$N16), IF(ISERROR(_xlpm.x), 0, _xlpm.x)*AQ16/$AQ$3) -> 0.090932401 | AZ16: 0.003723164 | BA16: =_xlfn.LET(_xlpm.x, _xlfn.XLOOKUP($Q16, $L$4:$N$4, $L16:$N16), IF(ISERROR(_xlpm.x), 0, _xlpm.x)*AR16/$AQ$3) -> 0.17528601 | BB16: 0.007176964 | BC16: =_xlfn.LET(_xlpm.x, _xlfn.XLOOKUP($Q16, $L$4:$N$4, $L16:$N16), IF(ISERROR(_xlpm.x), 0, _xlpm.x)*AS16/$AQ$3) -> 0.074978437 | BD16: 0.00306994 | BE16: =_xlfn.LET(_xlpm.x, _xlfn.XLOOKUP($Q16, $L$4:$N$4, $L16:$N16), IF(ISERROR(_xlpm.x), 0, _xlpm.x)*AT16/$AQ$3) -> 0.16689725 | BF16: 0.006833492 | BG16: =_xlfn.LET(_xlpm.x, _xlfn.XLOOKUP($Q16, $L$4:$N$4, $L16:$N16), IF(ISERROR(_xlpm.x), 0, _xlpm.x)*AU16/$AQ$3) -> 0.097042531 | BH16: 0.003973339 | BI16: =_xlfn.LET(_xlpm.x, _xlfn.XLOOKUP($Q16, $L$4:$N$4, $L16:$N16), IF(ISERROR(_xlpm.x), 0, _xlpm.x)*AV16/$AQ$3) -> 0.25337848 | BJ16: 0.010374406 | BK16: =_xlfn.LET(_xlpm.x, _xlfn.XLOOKUP($Q16, $L$4:$N$4, $L16:$N16), IF(ISERROR(_xlpm.x), 0, _xlpm.x)*AW16/$AQ$3) -> 0.081735958 | BL16: 0.003346622 | BM16: =_xlfn.LET(_xlpm.x, _xlfn.XLOOKUP($Q16, $L$4:$N$4, $L16:$N16), IF(ISERROR(_xlpm.x), 0, _xlpm.x)*AX16/$AQ$3) -> 0.22272531 | BN16: 0.009119333 | BP16: 0.0056954277 | BQ16: 0.0037105201 | BR16: 0.0074599726
A17: 15 | B17: 20 | C17: 874110 | F17: 7545290800 | I17: 0.0088934633 | J17: #DIV/0! | L17: 34.527878 | M17: #DIV/0! | P17: ="("&$A17&", "&$B17&"]" -> (15, 20] | Q17: A | R17: =_xlfn.SINGLE(_xlfn.XLOOKUP(Q17, $I$4:$K$4, I17:K17)) -> 0.0088934633 | S17: 0.1102 | T17: 0.23318795 | U17: 0.083 | V17: 0.2 | W17: 0 | X17: 0.8 | Y17: 0 | Z17: 0.743 | AA17: 0.00098005965 | AB17: 0.0020738484 | AC17: 0.00073815745 | AD17: 0.0017786927 | AE17: 0 | AF17: 0.0071147706 | AG17: 0 | AH17: 0.0066078432 | AI17: 0.0014028122 | AJ17: 0.0020514654 | AK17: 0.0010541421 | AL17: 0.0017211886 | AM17: 0 | AN17: 0.0060414501 | AO17: 0 | AP17: 0.0056062572 | AQ17: 1402812 | AR17: 2051465 | AS17: 1054142 | AT17: 1721188 | AU17: 0 | AV17: 6041450 | AW17: 0 | AX17: 5606257 | AY17: =_xlfn.LET(_xlpm.x, _xlfn.XLOOKUP($Q17, $L$4:$N$4, $L17:$N17), IF(ISERROR(_xlpm.x), 0, _xlpm.x)*AQ17/$AQ$3) -> 0.048436121 | AZ17: 0.001402812 | BA17: =_xlfn.LET(_xlpm.x, _xlfn.XLOOKUP($Q17, $L$4:$N$4, $L17:$N17), IF(ISERROR(_xlpm.x), 0, _xlpm.x)*AR17/$AQ$3) -> 0.070832733 | BB17: 0.002051465 | BC17: =_xlfn.LET(_xlpm.x, _xlfn.XLOOKUP($Q17, $L$4:$N$4, $L17:$N17), IF(ISERROR(_xlpm.x), 0, _xlpm.x)*AS17/$AQ$3) -> 0.036397286 | BD17: 0.001054142 | BE17: =_xlfn.LET(_xlpm.x, _xlfn.XLOOKUP($Q17, $L$4:$N$4, $L17:$N17), IF(ISERROR(_xlpm.x), 0, _xlpm.x)*AT17/$AQ$3) -> 0.059428969 | BF17: 0.001721188 | BG17: =_xlfn.LET(_xlpm.x, _xlfn.XLOOKUP($Q17, $L$4:$N$4, $L17:$N17), IF(ISERROR(_xlpm.x), 0, _xlpm.x)*AU17/$AQ$3) -> 0 | BH17: 0 | BI17: =_xlfn.LET(_xlpm.x, _xlfn.XLOOKUP($Q17, $L$4:$N$4, $L17:$N17), IF(ISERROR(_xlpm.x), 0, _xlpm.x)*AV17/$AQ$3) -> 0.20859845 | BJ17: 0.00604145 | BK17: =_xlfn.LET(_xlpm.x, _xlfn.XLOOKUP($Q17, $L$4:$N$4, $L17:$N17), IF(ISERROR(_xlpm.x), 0, _xlpm.x)*AW17/$AQ$3) -> 0 | BL17: 0 | BM17: =_xlfn.LET(_xlpm.x, _xlfn.XLOOKUP($Q17, $L$4:$N$4, $L17:$N17), IF(ISERROR(_xlpm.x), 0, _xlpm.x)*AX17/$AQ$3) -> 0.19357216 | BN17: 0.005606257 | BP17: 0.0021291318 | BQ17: 0.0013980481 | BR17: 0.0021339122
A18: 20 | B18: 25 | C18: 518006 | F18: 5776645850 | I18: 0.0052703519 | J18: #DIV/0! | L18: 44.606787 | M18: #DIV/0! | P18: ="("&$A18&", "&$B18&"]" -> (20, 25] | Q18: A | R18: =_xlfn.SINGLE(_xlfn.XLOOKUP(Q18, $I$4:$K$4, I18:K18)) -> 0.0052703519 | S18: 0 | T18: 0.21557591 | U18: 0 | V18: 0.2 | W18: 0 | X18: 0.1 | Y18: 0 | Z18: 0.1 | AA18: 0 | AB18: 0.0011361609 | AC18: 0 | AD18: 0.0010540704 | AE18: 0 | AF18: 0.00052703519 | AG18: 0 | AH18: 0.00052703519 | AI18: 0 | AJ18: 0.0011238983 | AK18: 0 | AL18: 0.0010199929 | AM18: 0 | AN18: 0.00044752769 | AO18: 0 | AP18: 0.00044714966 | AQ18: 0 | AR18: 1123898 | AS18: 0 | AT18: 1019992 | AU18: 0 | AV18: 447527 | AW18: 0 | AX18: 447149 | AY18: =_xlfn.LET(_xlpm.x, _xlfn.XLOOKUP($Q18, $L$4:$N$4, $L18:$N18), IF(ISERROR(_xlpm.x), 0, _xlpm.x)*AQ18/$AQ$3) -> 0 | AZ18: 0 | BA18: =_xlfn.LET(_xlpm.x, _xlfn.XLOOKUP($Q18, $L$4:$N$4, $L18:$N18), IF(ISERROR(_xlpm.x), 0, _xlpm.x)*AR18/$AQ$3) -> 0.050133479 | BB18: 0.001123898 | BC18: =_xlfn.LET(_xlpm.x, _xlfn.XLOOKUP($Q18, $L$4:$N$4, $L18:$N18), IF(ISERROR(_xlpm.x), 0, _xlpm.x)*AS18/$AQ$3) -> 0 | BD18: 0 | BE18: =_xlfn.LET(_xlpm.x, _xlfn.XLOOKUP($Q18, $L$4:$N$4, $L18:$N18), IF(ISERROR(_xlpm.x), 0, _xlpm.x)*AT18/$AQ$3) -> 0.045498566 | BF18: 0.001019992 | BG18: =_xlfn.LET(_xlpm.x, _xlfn.XLOOKUP($Q18, $L$4:$N$4, $L18:$N18), IF(ISERROR(_xlpm.x), 0, _xlpm.x)*AU18/$AQ$3) -> 0 | BH18: 0 | BI18: =_xlfn.LET(_xlpm.x, _xlfn.XLOOKUP($Q18, $L$4:$N$4, $L18:$N18), IF(ISERROR(_xlpm.x), 0, _xlpm.x)*AV18/$AQ$3) -> 0.019962742 | BJ18: 0.000447527 | BK18: =_xlfn.LET(_xlpm.x, _xlfn.XLOOKUP($Q18, $L$4:$N$4, $L18:$N18), IF(ISERROR(_xlpm.x), 0, _xlpm.x)*AW18/$AQ$3) -> 0 | BL18: 0 | BM18: =_xlfn.LET(_xlpm.x, _xlfn.XLOOKUP($Q18, $L$4:$N$4, $L18:$N18), IF(ISERROR(_xlpm.x), 0, _xlpm.x)*AX18/$AQ$3) -> 0.01994588 | BN18: 0.000447149 | BP18: 0.0011710225 | BQ18: 0 | BR18: 0.0012093016
... A56: 7000 | B56: 8000 | C56: 25 | F56: 93668975 | I56: 2.5435767e-07 | J56: #DIV/0! | L56: 14987.036 | M56: #DIV/0! | P56: ="("&$A56&", "&$B56&"]" -> (7000, 8000] | Q56: A | R56: =_xlfn.SINGLE(_xlfn.XLOOKUP(Q56, $I$4:$K$4, I56:K56)) -> 2.5435767e-07 | S56: 0 | T56: 0 | U56: 0 | V56: 0 | W56: 0 | X56: 0 | Y56: 0 | Z56: 0 | AA56: 0 | AB56: 0 | AC56: 0 | AD56: 0 | AE56: 0 | AF56: 0 | AG56: 0 | AH56: 0 | AI56: 0 | AJ56: 0 | AK56: 0 | AL56: 0 | AM56: 0 | AN56: 0 | AO56: 0 | AP56: 0 | AQ56: 0 | AR56: 0 | AS56: 0 | AT56: 0 | AU56: 0 | AV56: 0 | AW56: 0 | AX56: 0 | AY56: =_xlfn.LET(_xlpm.x, _xlfn.XLOOKUP($Q56, $L$4:$N$4, $L56:$N56), IF(ISERROR(_xlpm.x), 0, _xlpm.x)*AQ56/$AQ$3) -> 0 | AZ56: 0 | BA56: =_xlfn.LET(_xlpm.x, _xlfn.XLOOKUP($Q56, $L$4:$N$4, $L56:$N56), IF(ISERROR(_xlpm.x), 0, _xlpm.x)*AR56/$AQ$3) -> 0 | BB56: 0 | BC56: =_xlfn.LET(_xlpm.x, _xlfn.XLOOKUP($Q56, $L$4:$N$4, $L56:$N56), IF(ISERROR(_xlpm.x), 0, _xlpm.x)*AS56/$AQ$3) -> 0 | BD56: 0 | BE56: =_xlfn.LET(_xlpm.x, _xlfn.XLOOKUP($Q56, $L$4:$N$4, $L56:$N56), IF(ISERROR(_xlpm.x), 0, _xlpm.x)*AT56/$AQ$3) -> 0 | BF56: 0 | BG56: =_xlfn.LET(_xlpm.x, _xlfn.XLOOKUP($Q56, $L$4:$N$4, $L56:$N56), IF(ISERROR(_xlpm.x), 0, _xlpm.x)*AU56/$AQ$3) -> 0 | BH56: 0 | BI56: =_xlfn.LET(_xlpm.x, _xlfn.XLOOKUP($Q56, $L$4:$N$4, $L56:$N56), IF(ISERROR(_xlpm.x), 0, _xlpm.x)*AV56/$AQ$3) -> 0 | BJ56: 0 | BK56: =_xlfn.LET(_xlpm.x, _xlfn.XLOOKUP($Q56, $L$4:$N$4, $L56:$N56), IF(ISERROR(_xlpm.x), 0, _xlpm.x)*AW56/$AQ$3) -> 0 | BL56: 0 | BM56: =_xlfn.LET(_xlpm.x, _xlfn.XLOOKUP($Q56, $L$4:$N$4, $L56:$N56), IF(ISERROR(_xlpm.x), 0, _xlpm.x)*AX56/$AQ$3) -> 0 | BN56: 0 | BP56: 0 | BQ56: 0 | BR56: 0
A57: 8000 | B57: 9000 | C57: 13 | F57: 54711325 | I57: 1.3226599e-07 | J57: #DIV/0! | L57: #N/A | M57: #N/A | P57: ="("&$A57&", "&$B57&"]" -> (8000, 9000] | Q57: A | R57: =_xlfn.SINGLE(_xlfn.XLOOKUP(Q57, $I$4:$K$4, I57:K57)) -> 1.3226599e-07 | S57: 0 | T57: 0 | U57: 0 | V57: 0 | W57: 0 | X57: 0 | Y57: 0 | Z57: 0 | AA57: 0 | AB57: 0 | AC57: 0 | AD57: 0 | AE57: 0 | AF57: 0 | AG57: 0 | AH57: 0 | AI57: 0 | AJ57: 0 | AK57: 0 | AL57: 0 | AM57: 0 | AN57: 0 | AO57: 0 | AP57: 0 | AQ57: 0 | AR57: 0 | AS57: 0 | AT57: 0 | AU57: 0 | AV57: 0 | AW57: 0 | AX57: 0 | AY57: =_xlfn.LET(_xlpm.x, _xlfn.XLOOKUP($Q57, $L$4:$N$4, $L57:$N57), IF(ISERROR(_xlpm.x), 0, _xlpm.x)*AQ57/$AQ$3) -> 0 | AZ57: 0 | BA57: =_xlfn.LET(_xlpm.x, _xlfn.XLOOKUP($Q57, $L$4:$N$4, $L57:$N57), IF(ISERROR(_xlpm.x), 0, _xlpm.x)*AR57/$AQ$3) -> 0 | BB57: 0 | BC57: =_xlfn.LET(_xlpm.x, _xlfn.XLOOKUP($Q57, $L$4:$N$4, $L57:$N57), IF(ISERROR(_xlpm.x), 0, _xlpm.x)*AS57/$AQ$3) -> 0 | BD57: 0 | BE57: =_xlfn.LET(_xlpm.x, _xlfn.XLOOKUP($Q57, $L$4:$N$4, $L57:$N57), IF(ISERROR(_xlpm.x), 0, _xlpm.x)*AT57/$AQ$3) -> 0 | BF57: 0 | BG57: =_xlfn.LET(_xlpm.x, _xlfn.XLOOKUP($Q57, $L$4:$N$4, $L57:$N57), IF(ISERROR(_xlpm.x), 0, _xlpm.x)*AU57/$AQ$3) -> 0 | BH57: 0 | BI57: =_xlfn.LET(_xlpm.x, _xlfn.XLOOKUP($Q57, $L$4:$N$4, $L57:$N57), IF(ISERROR(_xlpm.x), 0, _xlpm.x)*AV57/$AQ$3) -> 0 | BJ57: 0 | BK57: =_xlfn.LET(_xlpm.x, _xlfn.XLOOKUP($Q57, $L$4:$N$4, $L57:$N57), IF(ISERROR(_xlpm.x), 0, _xlpm.x)*AW57/$AQ$3) -> 0 | BL57: 0 | BM57: =_xlfn.LET(_xlpm.x, _xlfn.XLOOKUP($Q57, $L$4:$N$4, $L57:$N57), IF(ISERROR(_xlpm.x), 0, _xlpm.x)*AX57/$AQ$3) -> 0 | BN57: 0
A58: 9000 | B58: 10000 | C58: 11 | F58: 51422800 | I58: 1.1191737e-07 | J58: #DIV/0! | L58: #N/A | M58: #N/A | P58: ="("&$A58&", "&$B58&"]" -> (9000, 10000] | Q58: A | R58: =_xlfn.SINGLE(_xlfn.XLOOKUP(Q58, $I$4:$K$4, I58:K58)) -> 1.1191737e-07 | S58: 0 | T58: 0 | U58: 0 | V58: 0 | W58: 0 | X58: 0 | Y58: 0 | Z58: 0 | AA58: 0 | AB58: 0 | AC58: 0 | AD58: 0 | AE58: 0 | AF58: 0 | AG58: 0 | AH58: 0 | AI58: 0 | AJ58: 0 | AK58: 0 | AL58: 0 | AM58: 0 | AN58: 0 | AO58: 0 | AP58: 0 | AQ58: 0 | AR58: 0 | AS58: 0 | AT58: 0 | AU58: 0 | AV58: 0 | AW58: 0 | AX58: 0 | AY58: =_xlfn.LET(_xlpm.x, _xlfn.XLOOKUP($Q58, $L$4:$N$4, $L58:$N58), IF(ISERROR(_xlpm.x), 0, _xlpm.x)*AQ58/$AQ$3) -> 0 | AZ58: 0 | BA58: =_xlfn.LET(_xlpm.x, _xlfn.XLOOKUP($Q58, $L$4:$N$4, $L58:$N58), IF(ISERROR(_xlpm.x), 0, _xlpm.x)*AR58/$AQ$3) -> 0 | BB58: 0 | BC58: =_xlfn.LET(_xlpm.x, _xlfn.XLOOKUP($Q58, $L$4:$N$4, $L58:$N58), IF(ISERROR(_xlpm.x), 0, _xlpm.x)*AS58/$AQ$3) -> 0 | BD58: 0 | BE58: =_xlfn.LET(_xlpm.x, _xlfn.XLOOKUP($Q58, $L$4:$N$4, $L58:$N58), IF(ISERROR(_xlpm.x), 0, _xlpm.x)*AT58/$AQ$3) -> 0 | BF58: 0 | BG58: =_xlfn.LET(_xlpm.x, _xlfn.XLOOKUP($Q58, $L$4:$N$4, $L58:$N58), IF(ISERROR(_xlpm.x), 0, _xlpm.x)*AU58/$AQ$3) -> 0 | BH58: 0 | BI58: =_xlfn.LET(_xlpm.x, _xlfn.XLOOKUP($Q58, $L$4:$N$4, $L58:$N58), IF(ISERROR(_xlpm.x), 0, _xlpm.x)*AV58/$AQ$3) -> 0 | BJ58: 0 | BK58: =_xlfn.LET(_xlpm.x, _xlfn.XLOOKUP($Q58, $L$4:$N$4, $L58:$N58), IF(ISERROR(_xlpm.x), 0, _xlpm.x)*AW58/$AQ$3) -> 0 | BL58: 0 | BM58: =_xlfn.LET(_xlpm.x, _xlfn.XLOOKUP($Q58, $L$4:$N$4, $L58:$N58), IF(ISERROR(_xlpm.x), 0, _xlpm.x)*AX58/$AQ$3) -> 0 | BN58: 0
A59: 10000 | B59: 15000 | C59: 13 | F59: 76842925 | I59: 1.3226599e-07 | J59: #DIV/0! | L59: #N/A | M59: #N/A | P59: ="("&$A59&", "&$B59&"]" -> (10000, 15000] | Q59: A | R59: =_xlfn.SINGLE(_xlfn.XLOOKUP(Q59, $I$4:$K$4, I59:K59)) -> 1.3226599e-07 | S59: 0 | T59: 0 | U59: 0 | V59: 0 | W59: 0 | X59: 0 | Y59: 0 | Z59: 0 | AA59: 0 | AB59: 0 | AC59: 0 | AD59: 0 | AE59: 0 | AF59: 0 | AG59: 0 | AH59: 0 | AI59: 0 | AJ59: 0 | AK59: 0 | AL59: 0 | AM59: 0 | AN59: 0 | AO59: 0 | AP59: 0 | AQ59: 0 | AR59: 0 | AS59: 0 | AT59: 0 | AU59: 0 | AV59: 0 | AW59: 0 | AX59: 0 | AY59: =_xlfn.LET(_xlpm.x, _xlfn.XLOOKUP($Q59, $L$4:$N$4, $L59:$N59), IF(ISERROR(_xlpm.x), 0, _xlpm.x)*AQ59/$AQ$3) -> 0 | AZ59: 0 | BA59: =_xlfn.LET(_xlpm.x, _xlfn.XLOOKUP($Q59, $L$4:$N$4, $L59:$N59), IF(ISERROR(_xlpm.x), 0, _xlpm.x)*AR59/$AQ$3) -> 0 | BB59: 0 | BC59: =_xlfn.LET(_xlpm.x, _xlfn.XLOOKUP($Q59, $L$4:$N$4, $L59:$N59), IF(ISERROR(_xlpm.x), 0, _xlpm.x)*AS59/$AQ$3) -> 0 | BD59: 0 | BE59: =_xlfn.LET(_xlpm.x, _xlfn.XLOOKUP($Q59, $L$4:$N$4, $L59:$N59), IF(ISERROR(_xlpm.x), 0, _xlpm.x)*AT59/$AQ$3) -> 0 | BF59: 0 | BG59: =_xlfn.LET(_xlpm.x, _xlfn.XLOOKUP($Q59, $L$4:$N$4, $L59:$N59), IF(ISERROR(_xlpm.x), 0, _xlpm.x)*AU59/$AQ$3) -> 0 | BH59: 0 | BI59: =_xlfn.LET(_xlpm.x, _xlfn.XLOOKUP($Q59, $L$4:$N$4, $L59:$N59), IF(ISERROR(_xlpm.x), 0, _xlpm.x)*AV59/$AQ$3) -> 0 | BJ59: 0 | BK59: =_xlfn.LET(_xlpm.x, _xlfn.XLOOKUP($Q59, $L$4:$N$4, $L59:$N59), IF(ISERROR(_xlpm.x), 0, _xlpm.x)*AW59/$AQ$3) -> 0 | BL59: 0 | BM59: =_xlfn.LET(_xlpm.x, _xlfn.XLOOKUP($Q59, $L$4:$N$4, $L59:$N59), IF(ISERROR(_xlpm.x), 0, _xlpm.x)*AX59/$AQ$3) -> 0 | BN59: 0
A60: 15000 | B60: 20000 | C60: 2 | F60: 16729500 | I60: 2.0348613e-08 | J60: #DIV/0! | L60: #N/A | M60: #N/A | P60: ="("&$A60&", "&$B60&"]" -> (15000, 20000] | Q60: A | R60: =_xlfn.SINGLE(_xlfn.XLOOKUP(Q60, $I$4:$K$4, I60:K60)) -> 2.0348613e-08 | S60: 0 | T60: 0 | U60: 0 | V60: 0 | W60: 0 | X60: 0 | Y60: 0 | Z60: 0 | AA60: 0 | AB60: 0 | AC60: 0 | AD60: 0 | AE60: 0 | AF60: 0 | AG60: 0 | AH60: 0 | AI60: 0 | AJ60: 0 | AK60: 0 | AL60: 0 | AM60: 0 | AN60: 0 | AO60: 0 | AP60: 0 | AQ60: 0 | AR60: 0 | AS60: 0 | AT60: 0 | AU60: 0 | AV60: 0 | AW60: 0 | AX60: 0 | AY60: =_xlfn.LET(_xlpm.x, _xlfn.XLOOKUP($Q60, $L$4:$N$4, $L60:$N60), IF(ISERROR(_xlpm.x), 0, _xlpm.x)*AQ60/$AQ$3) -> 0 | AZ60: 0 | BA60: =_xlfn.LET(_xlpm.x, _xlfn.XLOOKUP($Q60, $L$4:$N$4, $L60:$N60), IF(ISERROR(_xlpm.x), 0, _xlpm.x)*AR60/$AQ$3) -> 0 | BB60: 0 | BC60: =_xlfn.LET(_xlpm.x, _xlfn.XLOOKUP($Q60, $L$4:$N$4, $L60:$N60), IF(ISERROR(_xlpm.x), 0, _xlpm.x)*AS60/$AQ$3) -> 0 | BD60: 0 | BE60: =_xlfn.LET(_xlpm.x, _xlfn.XLOOKUP($Q60, $L$4:$N$4, $L60:$N60), IF(ISERROR(_xlpm.x), 0, _xlpm.x)*AT60/$AQ$3) -> 0 | BF60: 0 | BG60: =_xlfn.LET(_xlpm.x, _xlfn.XLOOKUP($Q60, $L$4:$N$4, $L60:$N60), IF(ISERROR(_xlpm.x), 0, _xlpm.x)*AU60/$AQ$3) -> 0 | BH60: 0 | BI60: =_xlfn.LET(_xlpm.x, _xlfn.XLOOKUP($Q60, $L$4:$N$4, $L60:$N60), IF(ISERROR(_xlpm.x), 0, _xlpm.x)*AV60/$AQ$3) -> 0 | BJ60: 0 | BK60: =_xlfn.LET(_xlpm.x, _xlfn.XLOOKUP($Q60, $L$4:$N$4, $L60:$N60), IF(ISERROR(_xlpm.x), 0, _xlpm.x)*AW60/$AQ$3) -> 0 | BL60: 0 | BM60: =_xlfn.LET(_xlpm.x, _xlfn.XLOOKUP($Q60, $L$4:$N$4, $L60:$N60), IF(ISERROR(_xlpm.x), 0, _xlpm.x)*AX60/$AQ$3) -> 0 | BN60: 0
A61: 20000 | B61: 25000 | I61: 0 | J61: #DIV/0! | L61: #N/A | M61: #N/A | P61: ="("&$A61&", "&$B61&"]" -> (20000, 25000] | Q61: A | R61: =_xlfn.SINGLE(_xlfn.XLOOKUP(Q61, $I$4:$K$4, I61:K61)) -> 0 | S61: 0 | T61: 0 | U61: 0 | V61: 0 | W61: 0 | X61: 0 | Y61: 0 | Z61: 0 | AA61: 0 | AB61: 0 | AC61: 0 | AD61: 0 | AE61: 0 | AF61: 0 | AG61: 0 | AH61: 0 | AI61: 0 | AJ61: 0 | AK61: 0 | AL61: 0 | AM61: 0 | AN61: 0 | AO61: 0 | AP61: 0 | AQ61: 0 | AR61: 0 | AS61: 0 | AT61: 0 | AU61: 0 | AV61: 0 | AW61: 0 | AX61: 0 | AY61: =_xlfn.LET(_xlpm.x, _xlfn.XLOOKUP($Q61, $L$4:$N$4, $L61:$N61), IF(ISERROR(_xlpm.x), 0, _xlpm.x)*AQ61/$AQ$3) -> 0 | AZ61: 0 | BA61: =_xlfn.LET(_xlpm.x, _xlfn.XLOOKUP($Q61, $L$4:$N$4, $L61:$N61), IF(ISERROR(_xlpm.x), 0, _xlpm.x)*AR61/$AQ$3) -> 0 | BB61: 0 | BC61: =_xlfn.LET(_xlpm.x, _xlfn.XLOOKUP($Q61, $L$4:$N$4, $L61:$N61), IF(ISERROR(_xlpm.x), 0, _xlpm.x)*AS61/$AQ$3) -> 0 | BD61: 0 | BE61: =_xlfn.LET(_xlpm.x, _xlfn.XLOOKUP($Q61, $L$4:$N$4, $L61:$N61), IF(ISERROR(_xlpm.x), 0, _xlpm.x)*AT61/$AQ$3) -> 0 | BF61: 0 | BG61: =_xlfn.LET(_xlpm.x, _xlfn.XLOOKUP($Q61, $L$4:$N$4, $L61:$N61), IF(ISERROR(_xlpm.x), 0, _xlpm.x)*AU61/$AQ$3) -> 0 | BH61: 0 | BI61: =_xlfn.LET(_xlpm.x, _xlfn.XLOOKUP($Q61, $L$4:$N$4, $L61:$N61), IF(ISERROR(_xlpm.x), 0, _xlpm.x)*AV61/$AQ$3) -> 0 | BJ61: 0 | BK61: =_xlfn.LET(_xlpm.x, _xlfn.XLOOKUP($Q61, $L$4:$N$4, $L61:$N61), IF(ISERROR(_xlpm.x), 0, _xlpm.x)*AW61/$AQ$3) -> 0 | BL61: 0 | BM61: =_xlfn.LET(_xlpm.x, _xlfn.XLOOKUP($Q61, $L$4:$N$4, $L61:$N61), IF(ISERROR(_xlpm.x), 0, _xlpm.x)*AX61/$AQ$3) -> 0 | BN61: 0
A62: FG Trigger | B62: =C62/SUM(C5:C62) -> 0.01713207 | C62: 1713207 | F62: 4170765825 | P62: FG Trigger | Q62: A | R62: =0.00849 -> 0.00849 | S62: 0.4 | T62: 0.35 | U62: 0.8 | V62: 0.7 | W62: 0.4 | X62: 0.35 | Y62: 0.8 | Z62: 0.7 | AA62: 0.003396 | AB62: 0.0029715 | AC62: 0.006792 | AD62: 0.005943 | AE62: 0.003396 | AF62: 0.0029715 | AG62: 0.006792 | AH62: 0.005943 | AI62: =AA62 -> 0.003396 | AJ62: =AB62 -> 0.0029715 | AK62: =AC62 -> 0.006792 | AL62: =AD62 -> 0.005943 | AM62: =AE62 -> 0.003396 | AN62: =AF62 -> 0.0029715 | AO62: =AG62 -> 0.006792 | AP62: =AH62 -> 0.005943 | AQ62: 3396000 | AR62: 2971500 | AS62: 6792000 | AT62: 5943000 | AU62: 3396000 | AV62: 2971500 | AW62: 6792000 | AX62: 5943000 | AY62: =F62/C62/500*AQ62/AQ3 -> 0.016534979 | AZ62: 0.003396 | BA62: =F62/C62/500*AR62/AQ3 -> 0.014468106 | BB62: 0.0029715 | BC62: =F62/C62/500*AS62/AQ3 -> 0.033069958 | BD62: 0.006792 | BE62: =F62/C62/500*AT62/AQ3 -> 0.028936213 | BF62: 0.005943 | BG62: =F62/C62/500*AU62/AQ3 -> 0.016534979 | BH62: 0.003396 | BI62: =F62/C62/500*AV62/AQ3 -> 0.014468106 | BJ62: 0.0029715 | BK62: =F62/C62/500*AW62/AQ3 -> 0.033069958 | BL62: 0.006792 | BM62: =F62/C62/500*AX62/AQ3 -> 0.028936213 | BN62: 0.005943
F63: =SUM(F5:F56)/10^8/500 -> 2.7508935
AZ64: 新手(A) | BB64: 老手(A) | BD64: 新手 (EX)(A) | BF64: 老手 (EX)(A) | BH64: 新手(B) | BJ64: 老手(B) | BL64: 新手 (EX)(B) | BN64: 老手 (EX)(B)
A65: Lower | B65: Upper | C65: Simulator Cnt | F65: Simulator Pay | I65: Simulator Rate | L65: Simulator RTP | P65: Range | Q65: Free Game | AI65: Threshold | AQ65: =10^9 -> 1000000000 | AY65: Free Game 1 RTP | AZ65: =SUM(AY67:AY125)*AZ62 -> 0.45958288 | BA65: Free Game 2 RTP | BB65: =SUM(BA67:BA125)*BB62 -> 0.48469981 | BC65: Free Game 3 RTP | BD65: =SUM(BC67:BC125)*BD62 -> 0.91916575 | BE65: Free Game 3 RTP | BF65: =SUM(BE67:BE125)*BF62 -> 0.96939963 | BG65: Free Game 1 RTP | BH65: =SUM(BG67:BG125)*BH62 -> 0.46310943 | BI65: Free Game 2 RTP | BJ65: =SUM(BI67:BI125)*BJ62 -> 0.47249529 | BK65: Free Game 3 RTP | BL65: =SUM(BK67:BK125)*BL62 -> 0.92621885 | BM65: Free Game 3 RTP | BN65: =SUM(BM67:BM125)*BN62 -> 0.94499058
C66: D | D66: E | E66: F | F66: D | G66: E | H66: F | I66: D | J66: E | K66: F | L66: D | M66: E | N66: F | Q66: 使用的表 | R66: Rate | S66: Fix Num 1 | T66: Fix Num 2 | U66: Fix Num 3 | V66: Fix Num 4 | W66: Fix Num 5 | X66: Fix Num 6 | Y66: Fix Num 7 | Z66: Fix Num 8 | AA66: Fix Rate 1 | AB66: Fix Rate 2 | AC66: Fix Rate 3 | AD66: Fix Rate 4 | AE66: Fix Rate 5 | AF66: Fix Rate 6 | AG66: Fix Rate 7 | AH66: Fix Rate 8 | AI66: Final Rate 1 | AJ66: Final Rate 2 | AK66: Final Rate 3 | AL66: Final Rate 4 | AM66: Final Rate 5 | AN66: Final Rate 6 | AO66: Final Rate 7 | AP66: Final Rate 8 | AQ66: Weight 1 | AR66: Weight 2 | AS66: Weight 3 | AT66: Weight 4 | AU66: Weight 5 | AV66: Weight 6 | AW66: Weight 7 | AX66: Weight 8 | AY66: Simulator RTP | AZ66: Hit Rate | BA66: Simulator RTP | BB66: Hit Rate | BC66: Simulator RTP | BD66: Hit Rate | BE66: Simulator RTP | BF66: Hit Rate | BG66: Simulator RTP | BH66: Hit Rate | BI66: Simulator RTP | BJ66: Hit Rate | BK66: Simulator RTP | BL66: Hit Rate | BM66: Simulator RTP | BN66: Hit Rate | BP66: Sugar Rush
A67: -1 | B67: 0 | C67: 18 | F67: 0 | I67: {=_xlfn.LET(_xlpm.x, C67:C125, _xlpm.x/SUM(_xlpm.x))} -> 1.0506611e-05 | J67: {=_xlfn.LET(_xlpm.x, D67:D125, _xlpm.x/SUM(_xlpm.x))} -> #DIV/0! | L67: {=F67:F125/C67:C125/Overview!$A$5/5} -> 0 | M67: {=G67:G125/D67:D125/Overview!$A$5/5} -> #DIV/0! | P67: ="("&$A67&", "&$B67&"]" -> (-1, 0] | Q67: D | R67: =_xlfn.SINGLE(_xlfn.XLOOKUP(Q67, $I$66:$K$66, I67:K67)) -> 1.0506611e-05 | S67: 0 | T67: 0 | U67: 0 | V67: 0 | W67: 0 | X67: 0 | Y67: 0 | Z67: 0 | AA67: {=$R67:$R125*S67:S125} -> 0 | AB67: {=$R67:$R125*T67:T125} -> 0 | AC67: {=$R67:$R125*U67:U125} -> 0 | AD67: {=$R67:$R125*V67:V125} -> 0 | AE67: {=$R67:$R125*W67:W125} -> 0 | AF67: {=$R67:$R125*X67:X125} -> 0 | AG67: {=$R67:$R125*Y67:Y125} -> 0 | AH67: {=$R67:$R125*Z67:Z125} -> 0 | AI67: {=_xlfn.LET(_xlpm.x,_xlfn.ANCHORARRAY( AA67), _xlpm.x/SUM(_xlpm.x))} -> 0 | AJ67: {=_xlfn.LET(_xlpm.x,_xlfn.ANCHORARRAY( AB67), _xlpm.x/SUM(_xlpm.x))} -> 0 | AK67: {=_xlfn.LET(_xlpm.x,_xlfn.ANCHORARRAY( AC67), _xlpm.x/SUM(_xlpm.x))} -> 0 | AL67: {=_xlfn.LET(_xlpm.x,_xlfn.ANCHORARRAY( AD67), _xlpm.x/SUM(_xlpm.x))} -> 0 | AM67: {=_xlfn.LET(_xlpm.x,_xlfn.ANCHORARRAY( AE67), _xlpm.x/SUM(_xlpm.x))} -> 0 | AN67: {=_xlfn.LET(_xlpm.x,_xlfn.ANCHORARRAY( AF67), _xlpm.x/SUM(_xlpm.x))} -> 0 | AO67: {=_xlfn.LET(_xlpm.x,_xlfn.ANCHORARRAY( AG67), _xlpm.x/SUM(_xlpm.x))} -> 0 | AP67: {=_xlfn.LET(_xlpm.x,_xlfn.ANCHORARRAY( AH67), _xlpm.x/SUM(_xlpm.x))} -> 0 | AQ67: =INT(AI67*$AQ$65) -> 0 | AR67: =INT(AJ67*$AQ$65) -> 0 | AS67: =INT(AK67*$AQ$65) -> 0 | AT67: =INT(AL67*$AQ$65) -> 0 | AU67: =INT(AM67*$AQ$65) -> 0 | AV67: =INT(AN67*$AQ$65) -> 0 | AW67: =INT(AO67*$AQ$65) -> 0 | AX67: =INT(AP67*$AQ$65) -> 0 | AY67: =_xlfn.LET(_xlpm.x, _xlfn.XLOOKUP($Q67, $L$66:$N$66, $L67:$N67), IF(ISERROR(_xlpm.x), 0, _xlpm.x)*AQ67/$AQ$65) -> 0 | AZ67: {=_xlfn.LET(_xlpm.x, AQ67:AQ125, _xlpm.x/SUM(_xlpm.x))} -> 0 | BA67: =_xlfn.LET(_xlpm.x, _xlfn.XLOOKUP($Q67, $L$66:$N$66, $L67:$N67), IF(ISERROR(_xlpm.x), 0, _xlpm.x)*AR67/$AQ$65) -> 0 | BB67: {=_xlfn.LET(_xlpm.x, AR67:AR125, _xlpm.x/SUM(_xlpm.x))} -> 0 | BC67: =_xlfn.LET(_xlpm.x, _xlfn.XLOOKUP($Q67, $L$66:$N$66, $L67:$N67), IF(ISERROR(_xlpm.x), 0, _xlpm.x)*AS67/$AQ$65) -> 0 | BD67: {=_xlfn.LET(_xlpm.x, AS67:AS125, _xlpm.x/SUM(_xlpm.x))} -> 0 | BE67: =_xlfn.LET(_xlpm.x, _xlfn.XLOOKUP($Q67, $L$66:$N$66, $L67:$N67), IF(ISERROR(_xlpm.x), 0, _xlpm.x)*AT67/$AQ$65) -> 0 | BF67: {=_xlfn.LET(_xlpm.x, AT67:AT125, _xlpm.x/SUM(_xlpm.x))} -> 0 | BG67: =_xlfn.LET(_xlpm.x, _xlfn.XLOOKUP($Q67, $L$66:$N$66, $L67:$N67), IF(ISERROR(_xlpm.x), 0, _xlpm.x)*AU67/$AQ$65) -> 0 | BH67: {=_xlfn.LET(_xlpm.x, AU67:AU125, _xlpm.x/SUM(_xlpm.x))} -> 0 | BI67: =_xlfn.LET(_xlpm.x, _xlfn.XLOOKUP($Q67, $L$66:$N$66, $L67:$N67), IF(ISERROR(_xlpm.x), 0, _xlpm.x)*AV67/$AQ$65) -> 0 | BJ67: {=_xlfn.LET(_xlpm.x, AV67:AV125, _xlpm.x/SUM(_xlpm.x))} -> 0 | BK67: =_xlfn.LET(_xlpm.x, _xlfn.XLOOKUP($Q67, $L$66:$N$66, $L67:$N67), IF(ISERROR(_xlpm.x), 0, _xlpm.x)*AW67/$AQ$65) -> 0 | BL67: {=_xlfn.LET(_xlpm.x, AW67:AW125, _xlpm.x/SUM(_xlpm.x))} -> 0 | BM67: =_xlfn.LET(_xlpm.x, _xlfn.XLOOKUP($Q67, $L$66:$N$66, $L67:$N67), IF(ISERROR(_xlpm.x), 0, _xlpm.x)*AX67/$AQ$65) -> 0 | BN67: {=_xlfn.LET(_xlpm.x, AX67:AX125, _xlpm.x/SUM(_xlpm.x))} -> 0 | BP67: 0
A68: 0 | B68: 1 | C68: 495 | F68: 180175 | I68: 0.00028893181 | J68: #DIV/0! | L68: 1.4559596 | M68: #DIV/0! | P68: ="("&$A68&", "&$B68&"]" -> (0, 1] | Q68: D | R68: =_xlfn.SINGLE(_xlfn.XLOOKUP(Q68, $I$66:$K$66, I68:K68)) -> 0.00028893181 | S68: 0 | T68: 0 | U68: 0 | V68: 0 | W68: 0 | X68: 0 | Y68: 0 | Z68: 0 | AA68: 0 | AB68: 0 | AC68: 0 | AD68: 0 | AE68: 0 | AF68: 0 | AG68: 0 | AH68: 0 | AI68: 0 | AJ68: 0 | AK68: 0 | AL68: 0 | AM68: 0 | AN68: 0 | AO68: 0 | AP68: 0 | AQ68: =INT(AI68*$AQ$65) -> 0 | AR68: =INT(AJ68*$AQ$65) -> 0 | AS68: =INT(AK68*$AQ$65) -> 0 | AT68: =INT(AL68*$AQ$65) -> 0 | AU68: =INT(AM68*$AQ$65) -> 0 | AV68: =INT(AN68*$AQ$65) -> 0 | AW68: =INT(AO68*$AQ$65) -> 0 | AX68: =INT(AP68*$AQ$65) -> 0 | AY68: =_xlfn.LET(_xlpm.x, _xlfn.XLOOKUP($Q68, $L$66:$N$66, $L68:$N68), IF(ISERROR(_xlpm.x), 0, _xlpm.x)*AQ68/$AQ$65) -> 0 | AZ68: 0 | BA68: =_xlfn.LET(_xlpm.x, _xlfn.XLOOKUP($Q68, $L$66:$N$66, $L68:$N68), IF(ISERROR(_xlpm.x), 0, _xlpm.x)*AR68/$AQ$65) -> 0 | BB68: 0 | BC68: =_xlfn.LET(_xlpm.x, _xlfn.XLOOKUP($Q68, $L$66:$N$66, $L68:$N68), IF(ISERROR(_xlpm.x), 0, _xlpm.x)*AS68/$AQ$65) -> 0 | BD68: 0 | BE68: =_xlfn.LET(_xlpm.x, _xlfn.XLOOKUP($Q68, $L$66:$N$66, $L68:$N68), IF(ISERROR(_xlpm.x), 0, _xlpm.x)*AT68/$AQ$65) -> 0 | BF68: 0 | BG68: =_xlfn.LET(_xlpm.x, _xlfn.XLOOKUP($Q68, $L$66:$N$66, $L68:$N68), IF(ISERROR(_xlpm.x), 0, _xlpm.x)*AU68/$AQ$65) -> 0 | BH68: 0 | BI68: =_xlfn.LET(_xlpm.x, _xlfn.XLOOKUP($Q68, $L$66:$N$66, $L68:$N68), IF(ISERROR(_xlpm.x), 0, _xlpm.x)*AV68/$AQ$65) -> 0 | BJ68: 0 | BK68: =_xlfn.LET(_xlpm.x, _xlfn.XLOOKUP($Q68, $L$66:$N$66, $L68:$N68), IF(ISERROR(_xlpm.x), 0, _xlpm.x)*AW68/$AQ$65) -> 0 | BL68: 0 | BM68: =_xlfn.LET(_xlpm.x, _xlfn.XLOOKUP($Q68, $L$66:$N$66, $L68:$N68), IF(ISERROR(_xlpm.x), 0, _xlpm.x)*AX68/$AQ$65) -> 0 | BN68: 0 | BP68: 0.015625
A69: 1 | B69: 2 | C69: 2473 | F69: 2003975 | I69: 0.0014434917 | J69: #DIV/0! | L69: 3.2413668 | M69: #DIV/0! | P69: ="("&$A69&", "&$B69&"]" -> (1, 2] | Q69: D | R69: =_xlfn.SINGLE(_xlfn.XLOOKUP(Q69, $I$66:$K$66, I69:K69)) -> 0.0014434917 | S69: 0 | T69: 10.208718 | U69: 0 | V69: 10.208718 | W69: 0 | X69: 0 | Y69: 0 | Z69: 0 | AA69: 0 | AB69: 0.014736199 | AC69: 0 | AD69: 0.014736199 | AE69: 0 | AF69: 0 | AG69: 0 | AH69: 0 | AI69: 0 | AJ69: 0.01408617 | AK69: 0 | AL69: 0.01408617 | AM69: 0 | AN69: 0 | AO69: 0 | AP69: 0 | AQ69: =INT(AI69*$AQ$65) -> 0 | AR69: =INT(AJ69*$AQ$65) -> 14086170 | AS69: =INT(AK69*$AQ$65) -> 0 | AT69: =INT(AL69*$AQ$65) -> 14086170 | AU69: =INT(AM69*$AQ$65) -> 0 | AV69: =INT(AN69*$AQ$65) -> 0 | AW69: =INT(AO69*$AQ$65) -> 0 | AX69: =INT(AP69*$AQ$65) -> 0 | AY69: =_xlfn.LET(_xlpm.x, _xlfn.XLOOKUP($Q69, $L$66:$N$66, $L69:$N69), IF(ISERROR(_xlpm.x), 0, _xlpm.x)*AQ69/$AQ$65) -> 0 | AZ69: 0 | BA69: =_xlfn.LET(_xlpm.x, _xlfn.XLOOKUP($Q69, $L$66:$N$66, $L69:$N69), IF(ISERROR(_xlpm.x), 0, _xlpm.x)*AR69/$AQ$65) -> 0.045658443 | BB69: 0.01408617 | BC69: =_xlfn.LET(_xlpm.x, _xlfn.XLOOKUP($Q69, $L$66:$N$66, $L69:$N69), IF(ISERROR(_xlpm.x), 0, _xlpm.x)*AS69/$AQ$65) -> 0 | BD69: 0 | BE69: =_xlfn.LET(_xlpm.x, _xlfn.XLOOKUP($Q69, $L$66:$N$66, $L69:$N69), IF(ISERROR(_xlpm.x), 0, _xlpm.x)*AT69/$AQ$65) -> 0.045658443 | BF69: 0.01408617 | BG69: =_xlfn.LET(_xlpm.x, _xlfn.XLOOKUP($Q69, $L$66:$N$66, $L69:$N69), IF(ISERROR(_xlpm.x), 0, _xlpm.x)*AU69/$AQ$65) -> 0 | BH69: 0 | BI69: =_xlfn.LET(_xlpm.x, _xlfn.XLOOKUP($Q69, $L$66:$N$66, $L69:$N69), IF(ISERROR(_xlpm.x), 0, _xlpm.x)*AV69/$AQ$65) -> 0 | BJ69: 0 | BK69: =_xlfn.LET(_xlpm.x, _xlfn.XLOOKUP($Q69, $L$66:$N$66, $L69:$N69), IF(ISERROR(_xlpm.x), 0, _xlpm.x)*AW69/$AQ$65) -> 0 | BL69: 0 | BM69: =_xlfn.LET(_xlpm.x, _xlfn.XLOOKUP($Q69, $L$66:$N$66, $L69:$N69), IF(ISERROR(_xlpm.x), 0, _xlpm.x)*AX69/$AQ$65) -> 0 | BN69: 0 | BP69: 0.015625
A70: 2 | B70: 3 | C70: 5491 | F70: 7071425 | I70: 0.0032051001 | J70: #DIV/0! | L70: 5.1512839 | M70: #DIV/0! | P70: ="("&$A70&", "&$B70&"]" -> (2, 3] | Q70: D | R70: =_xlfn.SINGLE(_xlfn.XLOOKUP(Q70, $I$66:$K$66, I70:K70)) -> 0.0032051001 | S70: 0 | T70: 4.6404996 | U70: 0 | V70: 4.6404996 | W70: 0 | X70: 0 | Y70: 0 | Z70: 0 | AA70: 0 | AB70: 0.014873266 | AC70: 0 | AD70: 0.014873266 | AE70: 0 | AF70: 0 | AG70: 0 | AH70: 0 | AI70: 0 | AJ70: 0.014217191 | AK70: 0 | AL70: 0.014217191 | AM70: 0 | AN70: 0 | AO70: 0 | AP70: 0 | AQ70: =INT(AI70*$AQ$65) -> 0 | AR70: =INT(AJ70*$AQ$65) -> 14217190 | AS70: =INT(AK70*$AQ$65) -> 0 | AT70: =INT(AL70*$AQ$65) -> 14217190 | AU70: =INT(AM70*$AQ$65) -> 0 | AV70: =INT(AN70*$AQ$65) -> 0 | AW70: =INT(AO70*$AQ$65) -> 0 | AX70: =INT(AP70*$AQ$65) -> 0 | AY70: =_xlfn.LET(_xlpm.x, _xlfn.XLOOKUP($Q70, $L$66:$N$66, $L70:$N70), IF(ISERROR(_xlpm.x), 0, _xlpm.x)*AQ70/$AQ$65) -> 0 | AZ70: 0 | BA70: =_xlfn.LET(_xlpm.x, _xlfn.XLOOKUP($Q70, $L$66:$N$66, $L70:$N70), IF(ISERROR(_xlpm.x), 0, _xlpm.x)*AR70/$AQ$65) -> 0.073236782 | BB70: 0.01421719 | BC70: =_xlfn.LET(_xlpm.x, _xlfn.XLOOKUP($Q70, $L$66:$N$66, $L70:$N70), IF(ISERROR(_xlpm.x), 0, _xlpm.x)*AS70/$AQ$65) -> 0 | BD70: 0 | BE70: =_xlfn.LET(_xlpm.x, _xlfn.XLOOKUP($Q70, $L$66:$N$66, $L70:$N70), IF(ISERROR(_xlpm.x), 0, _xlpm.x)*AT70/$AQ$65) -> 0.073236782 | BF70: 0.01421719 | BG70: =_xlfn.LET(_xlpm.x, _xlfn.XLOOKUP($Q70, $L$66:$N$66, $L70:$N70), IF(ISERROR(_xlpm.x), 0, _xlpm.x)*AU70/$AQ$65) -> 0 | BH70: 0 | BI70: =_xlfn.LET(_xlpm.x, _xlfn.XLOOKUP($Q70, $L$66:$N$66, $L70:$N70), IF(ISERROR(_xlpm.x), 0, _xlpm.x)*AV70/$AQ$65) -> 0 | BJ70: 0 | BK70: =_xlfn.LET(_xlpm.x, _xlfn.XLOOKUP($Q70, $L$66:$N$66, $L70:$N70), IF(ISERROR(_xlpm.x), 0, _xlpm.x)*AW70/$AQ$65) -> 0 | BL70: 0 | BM70: =_xlfn.LET(_xlpm.x, _xlfn.XLOOKUP($Q70, $L$66:$N$66, $L70:$N70), IF(ISERROR(_xlpm.x), 0, _xlpm.x)*AX70/$AQ$65) -> 0 | BN70: 0 | BP70: 0.015625
A71: 3 | B71: 4 | C71: 7922 | F71: 14063375 | I71: 0.0046240764 | J71: #DIV/0! | L71: 7.1009215 | M71: #DIV/0! | P71: ="("&$A71&", "&$B71&"]" -> (3, 4] | Q71: D | R71: =_xlfn.SINGLE(_xlfn.XLOOKUP(Q71, $I$66:$K$66, I71:K71)) -> 0.0046240764 | S71: 0 | T71: 3.2520515 | U71: 0 | V71: 3.2520515 | W71: 0 | X71: 0 | Y71: 0 | Z71: 0 | AA71: 0 | AB71: 0.015037734 | AC71: 0 | AD71: 0.015037734 | AE71: 0 | AF71: 0 | AG71: 0 | AH71: 0 | AI71: 0 | AJ71: 0.014374404 | AK71: 0 | AL71: 0.014374404 | AM71: 0 | AN71: 0 | AO71: 0 | AP71: 0 | AQ71: =INT(AI71*$AQ$65) -> 0 | AR71: =INT(AJ71*$AQ$65) -> 14374403 | AS71: =INT(AK71*$AQ$65) -> 0 | AT71: =INT(AL71*$AQ$65) -> 14374403 | AU71: =INT(AM71*$AQ$65) -> 0 | AV71: =INT(AN71*$AQ$65) -> 0 | AW71: =INT(AO71*$AQ$65) -> 0 | AX71: =INT(AP71*$AQ$65) -> 0 | AY71: =_xlfn.LET(_xlpm.x, _xlfn.XLOOKUP($Q71, $L$66:$N$66, $L71:$N71), IF(ISERROR(_xlpm.x), 0, _xlpm.x)*AQ71/$AQ$65) -> 0 | AZ71: 0 | BA71: =_xlfn.LET(_xlpm.x, _xlfn.XLOOKUP($Q71, $L$66:$N$66, $L71:$N71), IF(ISERROR(_xlpm.x), 0, _xlpm.x)*AR71/$AQ$65) -> 0.10207151 | BB71: 0.014374403 | BC71: =_xlfn.LET(_xlpm.x, _xlfn.XLOOKUP($Q71, $L$66:$N$66, $L71:$N71), IF(ISERROR(_xlpm.x), 0, _xlpm.x)*AS71/$AQ$65) -> 0 | BD71: 0 | BE71: =_xlfn.LET(_xlpm.x, _xlfn.XLOOKUP($Q71, $L$66:$N$66, $L71:$N71), IF(ISERROR(_xlpm.x), 0, _xlpm.x)*AT71/$AQ$65) -> 0.10207151 | BF71: 0.014374403 | BG71: =_xlfn.LET(_xlpm.x, _xlfn.XLOOKUP($Q71, $L$66:$N$66, $L71:$N71), IF(ISERROR(_xlpm.x), 0, _xlpm.x)*AU71/$AQ$65) -> 0 | BH71: 0 | BI71: =_xlfn.LET(_xlpm.x, _xlfn.XLOOKUP($Q71, $L$66:$N$66, $L71:$N71), IF(ISERROR(_xlpm.x), 0, _xlpm.x)*AV71/$AQ$65) -> 0 | BJ71: 0 | BK71: =_xlfn.LET(_xlpm.x, _xlfn.XLOOKUP($Q71, $L$66:$N$66, $L71:$N71), IF(ISERROR(_xlpm.x), 0, _xlpm.x)*AW71/$AQ$65) -> 0 | BL71: 0 | BM71: =_xlfn.LET(_xlpm.x, _xlfn.XLOOKUP($Q71, $L$66:$N$66, $L71:$N71), IF(ISERROR(_xlpm.x), 0, _xlpm.x)*AX71/$AQ$65) -> 0 | BN71: 0 | BP71: 0.015625
A72: 4 | B72: 5 | C72: 9385 | F72: 21279975 | I72: 0.0054780304 | J72: #DIV/0! | L72: 9.0697816 | M72: #DIV/0! | P72: ="("&$A72&", "&$B72&"]" -> (4, 5] | Q72: D | R72: =_xlfn.SINGLE(_xlfn.XLOOKUP(Q72, $I$66:$K$66, I72:K72)) -> 0.0054780304 | S72: 0 | T72: 2.7427415 | U72: 0 | V72: 2.7427415 | W72: 0 | X72: 0 | Y72: 0 | Z72: 0 | AA72: 0 | AB72: 0.015024821 | AC72: 0 | AD72: 0.015024821 | AE72: 0 | AF72: 0 | AG72: 0 | AH72: 0 | AI72: 0 | AJ72: 0.014362061 | AK72: 0 | AL72: 0.014362061 | AM72: 0 | AN72: 0 | AO72: 0 | AP72: 0 | AQ72: =INT(AI72*$AQ$65) -> 0 | AR72: =INT(AJ72*$AQ$65) -> 14362060 | AS72: =INT(AK72*$AQ$65) -> 0 | AT72: =INT(AL72*$AQ$65) -> 14362060 | AU72: =INT(AM72*$AQ$65) -> 0 | AV72: =INT(AN72*$AQ$65) -> 0 | AW72: =INT(AO72*$AQ$65) -> 0 | AX72: =INT(AP72*$AQ$65) -> 0 | AY72: =_xlfn.LET(_xlpm.x, _xlfn.XLOOKUP($Q72, $L$66:$N$66, $L72:$N72), IF(ISERROR(_xlpm.x), 0, _xlpm.x)*AQ72/$AQ$65) -> 0 | AZ72: 0 | BA72: =_xlfn.LET(_xlpm.x, _xlfn.XLOOKUP($Q72, $L$66:$N$66, $L72:$N72), IF(ISERROR(_xlpm.x), 0, _xlpm.x)*AR72/$AQ$65) -> 0.13026075 | BB72: 0.01436206 | BC72: =_xlfn.LET(_xlpm.x, _xlfn.XLOOKUP($Q72, $L$66:$N$66, $L72:$N72), IF(ISERROR(_xlpm.x), 0, _xlpm.x)*AS72/$AQ$65) -> 0 | BD72: 0 | BE72: =_xlfn.LET(_xlpm.x, _xlfn.XLOOKUP($Q72, $L$66:$N$66, $L72:$N72), IF(ISERROR(_xlpm.x), 0, _xlpm.x)*AT72/$AQ$65) -> 0.13026075 | BF72: 0.01436206 | BG72: =_xlfn.LET(_xlpm.x, _xlfn.XLOOKUP($Q72, $L$66:$N$66, $L72:$N72), IF(ISERROR(_xlpm.x), 0, _xlpm.x)*AU72/$AQ$65) -> 0 | BH72: 0 | BI72: =_xlfn.LET(_xlpm.x, _xlfn.XLOOKUP($Q72, $L$66:$N$66, $L72:$N72), IF(ISERROR(_xlpm.x), 0, _xlpm.x)*AV72/$AQ$65) -> 0 | BJ72: 0 | BK72: =_xlfn.LET(_xlpm.x, _xlfn.XLOOKUP($Q72, $L$66:$N$66, $L72:$N72), IF(ISERROR(_xlpm.x), 0, _xlpm.x)*AW72/$AQ$65) -> 0 | BL72: 0 | BM72: =_xlfn.LET(_xlpm.x, _xlfn.XLOOKUP($Q72, $L$66:$N$66, $L72:$N72), IF(ISERROR(_xlpm.x), 0, _xlpm.x)*AX72/$AQ$65) -> 0 | BN72: 0 | BP72: 0.015625
A73: 5 | B73: 6 | C73: 10096 | F73: 27911400 | I73: 0.0058930415 | J73: #DIV/0! | L73: 11.058399 | M73: #DIV/0! | P73: ="("&$A73&", "&$B73&"]" -> (5, 6] | Q73: D | R73: =_xlfn.SINGLE(_xlfn.XLOOKUP(Q73, $I$66:$K$66, I73:K73)) -> 0.0058930415 | S73: 0 | T73: 5.1701533 | U73: 0 | V73: 5.1701533 | W73: 0 | X73: 0 | Y73: 0 | Z73: 0 | AA73: 0 | AB73: 0.030467928 | AC73: 0 | AD73: 0.030467928 | AE73: 0 | AF73: 0 | AG73: 0 | AH73: 0 | AI73: 0 | AJ73: 0.029123956 | AK73: 0 | AL73: 0.029123956 | AM73: 0 | AN73: 0 | AO73: 0 | AP73: 0 | AQ73: =INT(AI73*$AQ$65) -> 0 | AR73: =INT(AJ73*$AQ$65) -> 29123955 | AS73: =INT(AK73*$AQ$65) -> 0 | AT73: =INT(AL73*$AQ$65) -> 29123955 | AU73: =INT(AM73*$AQ$65) -> 0 | AV73: =INT(AN73*$AQ$65) -> 0 | AW73: =INT(AO73*$AQ$65) -> 0 | AX73: =INT(AP73*$AQ$65) -> 0 | AY73: =_xlfn.LET(_xlpm.x, _xlfn.XLOOKUP($Q73, $L$66:$N$66, $L73:$N73), IF(ISERROR(_xlpm.x), 0, _xlpm.x)*AQ73/$AQ$65) -> 0 | AZ73: 0 | BA73: =_xlfn.LET(_xlpm.x, _xlfn.XLOOKUP($Q73, $L$66:$N$66, $L73:$N73), IF(ISERROR(_xlpm.x), 0, _xlpm.x)*AR73/$AQ$65) -> 0.32206433 | BB73: 0.029123956 | BC73: =_xlfn.LET(_xlpm.x, _xlfn.XLOOKUP($Q73, $L$66:$N$66, $L73:$N73), IF(ISERROR(_xlpm.x), 0, _xlpm.x)*AS73/$AQ$65) -> 0 | BD73: 0 | BE73: =_xlfn.LET(_xlpm.x, _xlfn.XLOOKUP($Q73, $L$66:$N$66, $L73:$N73), IF(ISERROR(_xlpm.x), 0, _xlpm.x)*AT73/$AQ$65) -> 0.32206433 | BF73: 0.029123956 | BG73: =_xlfn.LET(_xlpm.x, _xlfn.XLOOKUP($Q73, $L$66:$N$66, $L73:$N73), IF(ISERROR(_xlpm.x), 0, _xlpm.x)*AU73/$AQ$65) -> 0 | BH73: 0 | BI73: =_xlfn.LET(_xlpm.x, _xlfn.XLOOKUP($Q73, $L$66:$N$66, $L73:$N73), IF(ISERROR(_xlpm.x), 0, _xlpm.x)*AV73/$AQ$65) -> 0 | BJ73: 0 | BK73: =_xlfn.LET(_xlpm.x, _xlfn.XLOOKUP($Q73, $L$66:$N$66, $L73:$N73), IF(ISERROR(_xlpm.x), 0, _xlpm.x)*AW73/$AQ$65) -> 0 | BL73: 0 | BM73: =_xlfn.LET(_xlpm.x, _xlfn.XLOOKUP($Q73, $L$66:$N$66, $L73:$N73), IF(ISERROR(_xlpm.x), 0, _xlpm.x)*AX73/$AQ$65) -> 0 | BN73: 0 | BP73: 0.03125
A74: 6 | B74: 7 | C74: 10544 | F74: 34411125 | I74: 0.0061545394 | J74: #DIV/0! | L74: 13.054296 | M74: #DIV/0! | P74: ="("&$A74&", "&$B74&"]" -> (6, 7] | Q74: D | R74: =_xlfn.SINGLE(_xlfn.XLOOKUP(Q74, $I$66:$K$66, I74:K74)) -> 0.0061545394 | S74: 0 | T74: 2.4228797 | U74: 0 | V74: 2.4228797 | W74: 0 | X74: 0 | Y74: 0 | Z74: 0 | AA74: 0 | AB74: 0.014911709 | AC74: 0 | AD74: 0.014911709 | AE74: 0 | AF74: 0 | AG74: 0 | AH74: 0 | AI74: 0 | AJ74: 0.014253938 | AK74: 0 | AL74: 0.014253938 | AM74: 0 | AN74: 0 | AO74: 0 | AP74: 0 | AQ74: =INT(AI74*$AQ$65) -> 0 | AR74: =INT(AJ74*$AQ$65) -> 14253937 | AS74: =INT(AK74*$AQ$65) -> 0 | AT74: =INT(AL74*$AQ$65) -> 14253937 | AU74: =INT(AM74*$AQ$65) -> 0 | AV74: =INT(AN74*$AQ$65) -> 0 | AW74: =INT(AO74*$AQ$65) -> 0 | AX74: =INT(AP74*$AQ$65) -> 0 | AY74: =_xlfn.LET(_xlpm.x, _xlfn.XLOOKUP($Q74, $L$66:$N$66, $L74:$N74), IF(ISERROR(_xlpm.x), 0, _xlpm.x)*AQ74/$AQ$65) -> 0 | AZ74: 0 | BA74: =_xlfn.LET(_xlpm.x, _xlfn.XLOOKUP($Q74, $L$66:$N$66, $L74:$N74), IF(ISERROR(_xlpm.x), 0, _xlpm.x)*AR74/$AQ$65) -> 0.18607512 | BB74: 0.014253937 | BC74: =_xlfn.LET(_xlpm.x, _xlfn.XLOOKUP($Q74, $L$66:$N$66, $L74:$N74), IF(ISERROR(_xlpm.x), 0, _xlpm.x)*AS74/$AQ$65) -> 0 | BD74: 0 | BE74: =_xlfn.LET(_xlpm.x, _xlfn.XLOOKUP($Q74, $L$66:$N$66, $L74:$N74), IF(ISERROR(_xlpm.x), 0, _xlpm.x)*AT74/$AQ$65) -> 0.18607512 | BF74: 0.014253937 | BG74: =_xlfn.LET(_xlpm.x, _xlfn.XLOOKUP($Q74, $L$66:$N$66, $L74:$N74), IF(ISERROR(_xlpm.x), 0, _xlpm.x)*AU74/$AQ$65) -> 0 | BH74: 0 | BI74: =_xlfn.LET(_xlpm.x, _xlfn.XLOOKUP($Q74, $L$66:$N$66, $L74:$N74), IF(ISERROR(_xlpm.x), 0, _xlpm.x)*AV74/$AQ$65) -> 0 | BJ74: 0 | BK74: =_xlfn.LET(_xlpm.x, _xlfn.XLOOKUP($Q74, $L$66:$N$66, $L74:$N74), IF(ISERROR(_xlpm.x), 0, _xlpm.x)*AW74/$AQ$65) -> 0 | BL74: 0 | BM74: =_xlfn.LET(_xlpm.x, _xlfn.XLOOKUP($Q74, $L$66:$N$66, $L74:$N74), IF(ISERROR(_xlpm.x), 0, _xlpm.x)*AX74/$AQ$65) -> 0 | BN74: 0 | BP74: 0.015625
A75: 7 | B75: 8 | C75: 10909 | F75: 41084175 | I75: 0.0063675901 | J75: #DIV/0! | L75: 15.064323 | M75: #DIV/0! | P75: ="("&$A75&", "&$B75&"]" -> (7, 8] | Q75: D | R75: =_xlfn.SINGLE(_xlfn.XLOOKUP(Q75, $I$66:$K$66, I75:K75)) -> 0.0063675901 | S75: 0 | T75: 2.4176976 | U75: 0 | V75: 2.4176976 | W75: 0 | X75: 0 | Y75: 0 | Z75: 0 | AA75: 0 | AB75: 0.015394907 | AC75: 0 | AD75: 0.015394907 | AE75: 0 | AF75: 0 | AG75: 0 | AH75: 0 | AI75: 0 | AJ75: 0.014715822 | AK75: 0 | AL75: 0.014715822 | AM75: 0 | AN75: 0 | AO75: 0 | AP75: 0 | AQ75: =INT(AI75*$AQ$65) -> 0 | AR75: =INT(AJ75*$AQ$65) -> 14715821 | AS75: =INT(AK75*$AQ$65) -> 0 | AT75: =INT(AL75*$AQ$65) -> 14715821 | AU75: =INT(AM75*$AQ$65) -> 0 | AV75: =INT(AN75*$AQ$65) -> 0 | AW75: =INT(AO75*$AQ$65) -> 0 | AX75: =INT(AP75*$AQ$65) -> 0 | AY75: =_xlfn.LET(_xlpm.x, _xlfn.XLOOKUP($Q75, $L$66:$N$66, $L75:$N75), IF(ISERROR(_xlpm.x), 0, _xlpm.x)*AQ75/$AQ$65) -> 0 | AZ75: 0 | BA75: =_xlfn.LET(_xlpm.x, _xlfn.XLOOKUP($Q75, $L$66:$N$66, $L75:$N75), IF(ISERROR(_xlpm.x), 0, _xlpm.x)*AR75/$AQ$65) -> 0.22168388 | BB75: 0.014715821 | BC75: =_xlfn.LET(_xlpm.x, _xlfn.XLOOKUP($Q75, $L$66:$N$66, $L75:$N75), IF(ISERROR(_xlpm.x), 0, _xlpm.x)*AS75/$AQ$65) -> 0 | BD75: 0 | BE75: =_xlfn.LET(_xlpm.x, _xlfn.XLOOKUP($Q75, $L$66:$N$66, $L75:$N75), IF(ISERROR(_xlpm.x), 0, _xlpm.x)*AT75/$AQ$65) -> 0.22168388 | BF75: 0.014715821 | BG75: =_xlfn.LET(_xlpm.x, _xlfn.XLOOKUP($Q75, $L$66:$N$66, $L75:$N75), IF(ISERROR(_xlpm.x), 0, _xlpm.x)*AU75/$AQ$65) -> 0 | BH75: 0 | BI75: =_xlfn.LET(_xlpm.x, _xlfn.XLOOKUP($Q75, $L$66:$N$66, $L75:$N75), IF(ISERROR(_xlpm.x), 0, _xlpm.x)*AV75/$AQ$65) -> 0 | BJ75: 0 | BK75: =_xlfn.LET(_xlpm.x, _xlfn.XLOOKUP($Q75, $L$66:$N$66, $L75:$N75), IF(ISERROR(_xlpm.x), 0, _xlpm.x)*AW75/$AQ$65) -> 0 | BL75: 0 | BM75: =_xlfn.LET(_xlpm.x, _xlfn.XLOOKUP($Q75, $L$66:$N$66, $L75:$N75), IF(ISERROR(_xlpm.x), 0, _xlpm.x)*AX75/$AQ$65) -> 0 | BN75: 0 | BP75: 0.015625
A76: 8 | B76: 9 | C76: 11151 | F76: 47527825 | I76: 0.0065088457 | J76: #DIV/0! | L76: 17.048812 | M76: #DIV/0! | P76: ="("&$A76&", "&$B76&"]" -> (8, 9] | Q76: D | R76: =_xlfn.SINGLE(_xlfn.XLOOKUP(Q76, $I$66:$K$66, I76:K76)) -> 0.0065088457 | S76: 0 | T76: 4.6961453 | U76: 0 | V76: 4.6961453 | W76: 0 | X76: 0 | Y76: 0 | Z76: 0 | AA76: 0 | AB76: 0.030566485 | AC76: 0 | AD76: 0.030566485 | AE76: 0 | AF76: 0 | AG76: 0 | AH76: 0 | AI76: 0 | AJ76: 0.029218165 | AK76: 0 | AL76: 0.029218165 | AM76: 0 | AN76: 0 | AO76: 0 | AP76: 0 | AQ76: =INT(AI76*$AQ$65) -> 0 | AR76: =INT(AJ76*$AQ$65) -> 29218165 | AS76: =INT(AK76*$AQ$65) -> 0 | AT76: =INT(AL76*$AQ$65) -> 29218165 | AU76: =INT(AM76*$AQ$65) -> 0 | AV76: =INT(AN76*$AQ$65) -> 0 | AW76: =INT(AO76*$AQ$65) -> 0 | AX76: =INT(AP76*$AQ$65) -> 0 | AY76: =_xlfn.LET(_xlpm.x, _xlfn.XLOOKUP($Q76, $L$66:$N$66, $L76:$N76), IF(ISERROR(_xlpm.x), 0, _xlpm.x)*AQ76/$AQ$65) -> 0 | AZ76: 0 | BA76: =_xlfn.LET(_xlpm.x, _xlfn.XLOOKUP($Q76, $L$66:$N$66, $L76:$N76), IF(ISERROR(_xlpm.x), 0, _xlpm.x)*AR76/$AQ$65) -> 0.498135 | BB76: 0.029218166 | BC76: =_xlfn.LET(_xlpm.x, _xlfn.XLOOKUP($Q76, $L$66:$N$66, $L76:$N76), IF(ISERROR(_xlpm.x), 0, _xlpm.x)*AS76/$AQ$65) -> 0 | BD76: 0 | BE76: =_xlfn.LET(_xlpm.x, _xlfn.XLOOKUP($Q76, $L$66:$N$66, $L76:$N76), IF(ISERROR(_xlpm.x), 0, _xlpm.x)*AT76/$AQ$65) -> 0.498135 | BF76: 0.029218166 | BG76: =_xlfn.LET(_xlpm.x, _xlfn.XLOOKUP($Q76, $L$66:$N$66, $L76:$N76), IF(ISERROR(_xlpm.x), 0, _xlpm.x)*AU76/$AQ$65) -> 0 | BH76: 0 | BI76: =_xlfn.LET(_xlpm.x, _xlfn.XLOOKUP($Q76, $L$66:$N$66, $L76:$N76), IF(ISERROR(_xlpm.x), 0, _xlpm.x)*AV76/$AQ$65) -> 0 | BJ76: 0 | BK76: =_xlfn.LET(_xlpm.x, _xlfn.XLOOKUP($Q76, $L$66:$N$66, $L76:$N76), IF(ISERROR(_xlpm.x), 0, _xlpm.x)*AW76/$AQ$65) -> 0 | BL76: 0 | BM76: =_xlfn.LET(_xlpm.x, _xlfn.XLOOKUP($Q76, $L$66:$N$66, $L76:$N76), IF(ISERROR(_xlpm.x), 0, _xlpm.x)*AX76/$AQ$65) -> 0 | BN76: 0 | BP76: 0.03125
A77: 9 | B77: 10 | C77: 11188 | F77: 53269425 | I77: 0.0065304426 | J77: #DIV/0! | L77: 19.0452 | M77: #DIV/0! | P77: ="("&$A77&", "&$B77&"]" -> (9, 10] | Q77: D | R77: =_xlfn.SINGLE(_xlfn.XLOOKUP(Q77, $I$66:$K$66, I77:K77)) -> 0.0065304426 | S77: 0 | T77: 18.729759 | U77: 0 | V77: 18.729759 | W77: 0 | X77: 0 | Y77: 0 | Z77: 0 | AA77: 0 | AB77: 0.12231362 | AC77: 0 | AD77: 0.12231362 | AE77: 0 | AF77: 0 | AG77: 0 | AH77: 0 | AI77: 0 | AJ77: 0.11691823 | AK77: 0 | AL77: 0.11691823 | AM77: 0 | AN77: 0 | AO77: 0 | AP77: 0 | AQ77: =INT(AI77*$AQ$65) -> 0 | AR77: =INT(AJ77*$AQ$65) -> 116918233 | AS77: =INT(AK77*$AQ$65) -> 0 | AT77: =INT(AL77*$AQ$65) -> 116918233 | AU77: =INT(AM77*$AQ$65) -> 0 | AV77: =INT(AN77*$AQ$65) -> 0 | AW77: =INT(AO77*$AQ$65) -> 0 | AX77: =INT(AP77*$AQ$65) -> 0 | AY77: =_xlfn.LET(_xlpm.x, _xlfn.XLOOKUP($Q77, $L$66:$N$66, $L77:$N77), IF(ISERROR(_xlpm.x), 0, _xlpm.x)*AQ77/$AQ$65) -> 0 | AZ77: 0 | BA77: =_xlfn.LET(_xlpm.x, _xlfn.XLOOKUP($Q77, $L$66:$N$66, $L77:$N77), IF(ISERROR(_xlpm.x), 0, _xlpm.x)*AR77/$AQ$65) -> 2.2267312 | BB77: 0.11691824 | BC77: =_xlfn.LET(_xlpm.x, _xlfn.XLOOKUP($Q77, $L$66:$N$66, $L77:$N77), IF(ISERROR(_xlpm.x), 0, _xlpm.x)*AS77/$AQ$65) -> 0 | BD77: 0 | BE77: =_xlfn.LET(_xlpm.x, _xlfn.XLOOKUP($Q77, $L$66:$N$66, $L77:$N77), IF(ISERROR(_xlpm.x), 0, _xlpm.x)*AT77/$AQ$65) -> 2.2267312 | BF77: 0.11691824 | BG77: =_xlfn.LET(_xlpm.x, _xlfn.XLOOKUP($Q77, $L$66:$N$66, $L77:$N77), IF(ISERROR(_xlpm.x), 0, _xlpm.x)*AU77/$AQ$65) -> 0 | BH77: 0 | BI77: =_xlfn.LET(_xlpm.x, _xlfn.XLOOKUP($Q77, $L$66:$N$66, $L77:$N77), IF(ISERROR(_xlpm.x), 0, _xlpm.x)*AV77/$AQ$65) -> 0 | BJ77: 0 | BK77: =_xlfn.LET(_xlpm.x, _xlfn.XLOOKUP($Q77, $L$66:$N$66, $L77:$N77), IF(ISERROR(_xlpm.x), 0, _xlpm.x)*AW77/$AQ$65) -> 0 | BL77: 0 | BM77: =_xlfn.LET(_xlpm.x, _xlfn.XLOOKUP($Q77, $L$66:$N$66, $L77:$N77), IF(ISERROR(_xlpm.x), 0, _xlpm.x)*AX77/$AQ$65) -> 0 | BN77: 0 | BP77: 0.125
A78: 10 | B78: 15 | C78: 56862 | F78: 356416275 | I78: 0.033190385 | J78: #DIV/0! | L78: 25.07237 | M78: #DIV/0! | P78: ="("&$A78&", "&$B78&"]" -> (10, 15] | Q78: D | R78: =_xlfn.SINGLE(_xlfn.XLOOKUP(Q78, $I$66:$K$66, I78:K78)) -> 0.033190385 | S78: 0 | T78: 3.2281699 | U78: 0 | V78: 3.2281699 | W78: 0 | X78: 0 | Y78: 0 | Z78: 0 | AA78: 0 | AB78: 0.1071442 | AC78: 0 | AD78: 0.1071442 | AE78: 0 | AF78: 0 | AG78: 0 | AH78: 0 | AI78: 0 | AJ78: 0.10241796 | AK78: 0 | AL78: 0.10241796 | AM78: 0 | AN78: 0 | AO78: 0 | AP78: 0 | AQ78: =INT(AI78*$AQ$65) -> 0 | AR78: =INT(AJ78*$AQ$65) -> 102417958 | AS78: =INT(AK78*$AQ$65) -> 0 | AT78: =INT(AL78*$AQ$65) -> 102417958 | AU78: =INT(AM78*$AQ$65) -> 0 | AV78: =INT(AN78*$AQ$65) -> 0 | AW78: =INT(AO78*$AQ$65) -> 0 | AX78: =INT(AP78*$AQ$65) -> 0 | AY78: =_xlfn.LET(_xlpm.x, _xlfn.XLOOKUP($Q78, $L$66:$N$66, $L78:$N78), IF(ISERROR(_xlpm.x), 0, _xlpm.x)*AQ78/$AQ$65) -> 0 | AZ78: 0 | BA78: =_xlfn.LET(_xlpm.x, _xlfn.XLOOKUP($Q78, $L$66:$N$66, $L78:$N78), IF(ISERROR(_xlpm.x), 0, _xlpm.x)*AR78/$AQ$65) -> 2.5678609 | BB78: 0.10241796 | BC78: =_xlfn.LET(_xlpm.x, _xlfn.XLOOKUP($Q78, $L$66:$N$66, $L78:$N78), IF(ISERROR(_xlpm.x), 0, _xlpm.x)*AS78/$AQ$65) -> 0 | BD78: 0 | BE78: =_xlfn.LET(_xlpm.x, _xlfn.XLOOKUP($Q78, $L$66:$N$66, $L78:$N78), IF(ISERROR(_xlpm.x), 0, _xlpm.x)*AT78/$AQ$65) -> 2.5678609 | BF78: 0.10241796 | BG78: =_xlfn.LET(_xlpm.x, _xlfn.XLOOKUP($Q78, $L$66:$N$66, $L78:$N78), IF(ISERROR(_xlpm.x), 0, _xlpm.x)*AU78/$AQ$65) -> 0 | BH78: 0 | BI78: =_xlfn.LET(_xlpm.x, _xlfn.XLOOKUP($Q78, $L$66:$N$66, $L78:$N78), IF(ISERROR(_xlpm.x), 0, _xlpm.x)*AV78/$AQ$65) -> 0 | BJ78: 0 | BK78: =_xlfn.LET(_xlpm.x, _xlfn.XLOOKUP($Q78, $L$66:$N$66, $L78:$N78), IF(ISERROR(_xlpm.x), 0, _xlpm.x)*AW78/$AQ$65) -> 0 | BL78: 0 | BM78: =_xlfn.LET(_xlpm.x, _xlfn.XLOOKUP($Q78, $L$66:$N$66, $L78:$N78), IF(ISERROR(_xlpm.x), 0, _xlpm.x)*AX78/$AQ$65) -> 0 | BN78: 0 | BP78: 0.109375
A79: 15 | B79: 20 | C79: 56927 | F79: 498537050 | I79: 0.033228326 | J79: #DIV/0! | L79: 35.029919 | M79: #DIV/0! | P79: ="("&$A79&", "&$B79&"]" -> (15, 20] | Q79: D | R79: =_xlfn.SINGLE(_xlfn.XLOOKUP(Q79, $I$66:$K$66, I79:K79)) -> 0.033228326 | S79: 0 | T79: 0.93813069 | U79: 0 | V79: 0.93813069 | W79: 0 | X79: 0.4 | Y79: 0 | Z79: 0.4 | AA79: 0 | AB79: 0.031172512 | AC79: 0 | AD79: 0.031172512 | AE79: 0 | AF79: 0.01329133 | AG79: 0 | AH79: 0.01329133 | AI79: 0 | AJ79: 0.02979746 | AK79: 0 | AL79: 0.02979746 | AM79: 0 | AN79: 0.033877347 | AO79: 0 | AP79: 0.033877347 | AQ79: =INT(AI79*$AQ$65) -> 0 | AR79: =INT(AJ79*$AQ$65) -> 29797459 | AS79: =INT(AK79*$AQ$65) -> 0 | AT79: =INT(AL79*$AQ$65) -> 29797459 | AU79: =INT(AM79*$AQ$65) -> 0 | AV79: =INT(AN79*$AQ$65) -> 33877346 | AW79: =INT(AO79*$AQ$65) -> 0 | AX79: =INT(AP79*$AQ$65) -> 33877346 | AY79: =_xlfn.LET(_xlpm.x, _xlfn.XLOOKUP($Q79, $L$66:$N$66, $L79:$N79), IF(ISERROR(_xlpm.x), 0, _xlpm.x)*AQ79/$AQ$65) -> 0 | AZ79: 0 | BA79: =_xlfn.LET(_xlpm.x, _xlfn.XLOOKUP($Q79, $L$66:$N$66, $L79:$N79), IF(ISERROR(_xlpm.x), 0, _xlpm.x)*AR79/$AQ$65) -> 1.0438026 | BB79: 0.02979746 | BC79: =_xlfn.LET(_xlpm.x, _xlfn.XLOOKUP($Q79, $L$66:$N$66, $L79:$N79), IF(ISERROR(_xlpm.x), 0, _xlpm.x)*AS79/$AQ$65) -> 0 | BD79: 0 | BE79: =_xlfn.LET(_xlpm.x, _xlfn.XLOOKUP($Q79, $L$66:$N$66, $L79:$N79), IF(ISERROR(_xlpm.x), 0, _xlpm.x)*AT79/$AQ$65) -> 1.0438026 | BF79: 0.02979746 | BG79: =_xlfn.LET(_xlpm.x, _xlfn.XLOOKUP($Q79, $L$66:$N$66, $L79:$N79), IF(ISERROR(_xlpm.x), 0, _xlpm.x)*AU79/$AQ$65) -> 0 | BH79: 0 | BI79: =_xlfn.LET(_xlpm.x, _xlfn.XLOOKUP($Q79, $L$66:$N$66, $L79:$N79), IF(ISERROR(_xlpm.x), 0, _xlpm.x)*AV79/$AQ$65) -> 1.1867207 | BJ79: 0.033877347 | BK79: =_xlfn.LET(_xlpm.x, _xlfn.XLOOKUP($Q79, $L$66:$N$66, $L79:$N79), IF(ISERROR(_xlpm.x), 0, _xlpm.x)*AW79/$AQ$65) -> 0 | BL79: 0 | BM79: =_xlfn.LET(_xlpm.x, _xlfn.XLOOKUP($Q79, $L$66:$N$66, $L79:$N79), IF(ISERROR(_xlpm.x), 0, _xlpm.x)*AX79/$AQ$65) -> 1.1867207 | BN79: 0.033877347 | BP79: 0.03125
... A123: 20000 | B123: 25000 | C123: 2245 | F123: 25036642850 | I123: 0.0013104079 | J123: #DIV/0! | L123: 44608.718 | M123: #DIV/0! | P123: ="("&$A123&", "&$B123&"]" -> (20000, 25000] | Q123: D | R123: =_xlfn.SINGLE(_xlfn.XLOOKUP(Q123, $I$66:$K$66, I123:K123)) -> 0.0013104079 | S123: 0 | T123: 0 | U123: 0 | V123: 0 | W123: 0 | X123: 0 | Y123: 0 | Z123: 0 | AA123: 0 | AB123: 0 | AC123: 0 | AD123: 0 | AE123: 0 | AF123: 0 | AG123: 0 | AH123: 0 | AI123: 0 | AJ123: 0 | AK123: 0 | AL123: 0 | AM123: 0 | AN123: 0 | AO123: 0 | AP123: 0 | AQ123: =INT(AI123*$AQ$65) -> 0 | AR123: =INT(AJ123*$AQ$65) -> 0 | AS123: =INT(AK123*$AQ$65) -> 0 | AT123: =INT(AL123*$AQ$65) -> 0 | AU123: =INT(AM123*$AQ$65) -> 0 | AV123: =INT(AN123*$AQ$65) -> 0 | AW123: =INT(AO123*$AQ$65) -> 0 | AX123: =INT(AP123*$AQ$65) -> 0 | AY123: =_xlfn.LET(_xlpm.x, _xlfn.XLOOKUP($Q123, $L$66:$N$66, $L123:$N123), IF(ISERROR(_xlpm.x), 0, _xlpm.x)*AQ123/$AQ$65) -> 0 | AZ123: 0 | BA123: =_xlfn.LET(_xlpm.x, _xlfn.XLOOKUP($Q123, $L$66:$N$66, $L123:$N123), IF(ISERROR(_xlpm.x), 0, _xlpm.x)*AR123/$AQ$65) -> 0 | BB123: 0 | BC123: =_xlfn.LET(_xlpm.x, _xlfn.XLOOKUP($Q123, $L$66:$N$66, $L123:$N123), IF(ISERROR(_xlpm.x), 0, _xlpm.x)*AS123/$AQ$65) -> 0 | BD123: 0 | BE123: =_xlfn.LET(_xlpm.x, _xlfn.XLOOKUP($Q123, $L$66:$N$66, $L123:$N123), IF(ISERROR(_xlpm.x), 0, _xlpm.x)*AT123/$AQ$65) -> 0 | BF123: 0 | BG123: =_xlfn.LET(_xlpm.x, _xlfn.XLOOKUP($Q123, $L$66:$N$66, $L123:$N123), IF(ISERROR(_xlpm.x), 0, _xlpm.x)*AU123/$AQ$65) -> 0 | BH123: 0 | BI123: =_xlfn.LET(_xlpm.x, _xlfn.XLOOKUP($Q123, $L$66:$N$66, $L123:$N123), IF(ISERROR(_xlpm.x), 0, _xlpm.x)*AV123/$AQ$65) -> 0 | BJ123: 0 | BK123: =_xlfn.LET(_xlpm.x, _xlfn.XLOOKUP($Q123, $L$66:$N$66, $L123:$N123), IF(ISERROR(_xlpm.x), 0, _xlpm.x)*AW123/$AQ$65) -> 0 | BL123: 0 | BM123: =_xlfn.LET(_xlpm.x, _xlfn.XLOOKUP($Q123, $L$66:$N$66, $L123:$N123), IF(ISERROR(_xlpm.x), 0, _xlpm.x)*AX123/$AQ$65) -> 0 | BN123: 0 | BP123: 0
C124: 6300 | F124: 188965057925 | I124: 0.0036773139 | J124: #DIV/0! | L124: 119977.81 | M124: #DIV/0! | P124: ="("&$A124&", "&$B124&"]" -> (, ] | Q124: D | R124: =_xlfn.SINGLE(_xlfn.XLOOKUP(Q124, $I$66:$K$66, I124:K124)) -> 0.0036773139 | S124: 0 | T124: 0 | U124: 0 | V124: 0 | W124: 0 | X124: 0 | Y124: 0 | Z124: 0 | AA124: 0 | AB124: 0 | AC124: 0 | AD124: 0 | AE124: 0 | AF124: 0 | AG124: 0 | AH124: 0 | AI124: 0 | AJ124: 0 | AK124: 0 | AL124: 0 | AM124: 0 | AN124: 0 | AO124: 0 | AP124: 0 | AQ124: =INT(AI124*$AQ$65) -> 0 | AR124: =INT(AJ124*$AQ$65) -> 0 | AS124: =INT(AK124*$AQ$65) -> 0 | AT124: =INT(AL124*$AQ$65) -> 0 | AU124: =INT(AM124*$AQ$65) -> 0 | AV124: =INT(AN124*$AQ$65) -> 0 | AW124: =INT(AO124*$AQ$65) -> 0 | AX124: =INT(AP124*$AQ$65) -> 0 | AY124: =_xlfn.LET(_xlpm.x, _xlfn.XLOOKUP($Q124, $L$66:$N$66, $L124:$N124), IF(ISERROR(_xlpm.x), 0, _xlpm.x)*AQ124/$AQ$65) -> 0 | AZ124: 0 | BA124: =_xlfn.LET(_xlpm.x, _xlfn.XLOOKUP($Q124, $L$66:$N$66, $L124:$N124), IF(ISERROR(_xlpm.x), 0, _xlpm.x)*AR124/$AQ$65) -> 0 | BB124: 0 | BC124: =_xlfn.LET(_xlpm.x, _xlfn.XLOOKUP($Q124, $L$66:$N$66, $L124:$N124), IF(ISERROR(_xlpm.x), 0, _xlpm.x)*AS124/$AQ$65) -> 0 | BD124: 0 | BE124: =_xlfn.LET(_xlpm.x, _xlfn.XLOOKUP($Q124, $L$66:$N$66, $L124:$N124), IF(ISERROR(_xlpm.x), 0, _xlpm.x)*AT124/$AQ$65) -> 0 | BF124: 0 | BG124: =_xlfn.LET(_xlpm.x, _xlfn.XLOOKUP($Q124, $L$66:$N$66, $L124:$N124), IF(ISERROR(_xlpm.x), 0, _xlpm.x)*AU124/$AQ$65) -> 0 | BH124: 0 | BI124: =_xlfn.LET(_xlpm.x, _xlfn.XLOOKUP($Q124, $L$66:$N$66, $L124:$N124), IF(ISERROR(_xlpm.x), 0, _xlpm.x)*AV124/$AQ$65) -> 0 | BJ124: 0 | BK124: =_xlfn.LET(_xlpm.x, _xlfn.XLOOKUP($Q124, $L$66:$N$66, $L124:$N124), IF(ISERROR(_xlpm.x), 0, _xlpm.x)*AW124/$AQ$65) -> 0 | BL124: 0 | BM124: =_xlfn.LET(_xlpm.x, _xlfn.XLOOKUP($Q124, $L$66:$N$66, $L124:$N124), IF(ISERROR(_xlpm.x), 0, _xlpm.x)*AX124/$AQ$65) -> 0 | BN124: 0 | BP124: 0
I125: 0 | J125: #DIV/0! | L125: #DIV/0! | M125: #DIV/0! | P125: ="("&$A125&", "&$B125&"]" -> (, ] | Q125: D | R125: =_xlfn.SINGLE(_xlfn.XLOOKUP(Q125, $I$66:$K$66, I125:K125)) -> 0 | S125: 0 | T125: 0 | U125: 0 | V125: 0 | W125: 0 | X125: 0 | Y125: 0 | Z125: 0 | AA125: 0 | AB125: 0 | AC125: 0 | AD125: 0 | AE125: 0 | AF125: 0 | AG125: 0 | AH125: 0 | AI125: 0 | AJ125: 0 | AK125: 0 | AL125: 0 | AM125: 0 | AN125: 0 | AO125: 0 | AP125: 0 | AQ125: =INT(AI125*$AQ$65) -> 0 | AR125: =INT(AJ125*$AQ$65) -> 0 | AS125: =INT(AK125*$AQ$65) -> 0 | AT125: =INT(AL125*$AQ$65) -> 0 | AU125: =INT(AM125*$AQ$65) -> 0 | AV125: =INT(AN125*$AQ$65) -> 0 | AW125: =INT(AO125*$AQ$65) -> 0 | AX125: =INT(AP125*$AQ$65) -> 0 | AY125: =_xlfn.LET(_xlpm.x, _xlfn.XLOOKUP($Q125, $L$66:$N$66, $L125:$N125), IF(ISERROR(_xlpm.x), 0, _xlpm.x)*AQ125/$AQ$65) -> 0 | AZ125: 0 | BA125: =_xlfn.LET(_xlpm.x, _xlfn.XLOOKUP($Q125, $L$66:$N$66, $L125:$N125), IF(ISERROR(_xlpm.x), 0, _xlpm.x)*AR125/$AQ$65) -> 0 | BB125: 0 | BC125: =_xlfn.LET(_xlpm.x, _xlfn.XLOOKUP($Q125, $L$66:$N$66, $L125:$N125), IF(ISERROR(_xlpm.x), 0, _xlpm.x)*AS125/$AQ$65) -> 0 | BD125: 0 | BE125: =_xlfn.LET(_xlpm.x, _xlfn.XLOOKUP($Q125, $L$66:$N$66, $L125:$N125), IF(ISERROR(_xlpm.x), 0, _xlpm.x)*AT125/$AQ$65) -> 0 | BF125: 0 | BG125: =_xlfn.LET(_xlpm.x, _xlfn.XLOOKUP($Q125, $L$66:$N$66, $L125:$N125), IF(ISERROR(_xlpm.x), 0, _xlpm.x)*AU125/$AQ$65) -> 0 | BH125: 0 | BI125: =_xlfn.LET(_xlpm.x, _xlfn.XLOOKUP($Q125, $L$66:$N$66, $L125:$N125), IF(ISERROR(_xlpm.x), 0, _xlpm.x)*AV125/$AQ$65) -> 0 | BJ125: 0 | BK125: =_xlfn.LET(_xlpm.x, _xlfn.XLOOKUP($Q125, $L$66:$N$66, $L125:$N125), IF(ISERROR(_xlpm.x), 0, _xlpm.x)*AW125/$AQ$65) -> 0 | BL125: 0 | BM125: =_xlfn.LET(_xlpm.x, _xlfn.XLOOKUP($Q125, $L$66:$N$66, $L125:$N125), IF(ISERROR(_xlpm.x), 0, _xlpm.x)*AX125/$AQ$65) -> 0 | BN125: 0 | BP125: 0
AZ129: 新老手(A) | BB129: 新老手(B) | BD129: 待啟用 | BF129: 待啟用 | BH129: 新老手 | BJ129: 待啟用 | BL129: 待啟用 | BN129: 待啟用
A130: Lower | B130: Upper | C130: Simulator Cnt | F130: Simulator Pay | I130: Simulator Rate | L130: Simulator RTP | P130: Range | Q130: Buy Feature | AI130: Threshold | AQ130: =10^9 -> 1000000000 | AY130: Buy Feature 1 RTP | AZ130: =SUM(AY132:AY190) -> 185.01197 | BA130: Buy Feature 2 RTP | BB130: =SUM(BA132:BA190) -> 185.00189 | BC130: Buy Feature 3 RTP | BD130: =SUM(BC132:BC190) -> 71.820016 | BE130: Buy Feature 4 RTP | BF130: =SUM(BE132:BE190) -> 71.820016 | BG130: Buy Feature 1 RTP | BH130: =SUM(AY132:AY190) -> 185.01197 | BI130: Buy Feature 2 RTP | BJ130: =SUM(BA132:BA190) -> 185.00189 | BK130: Buy Feature 3 RTP | BL130: =SUM(BC132:BC190) -> 71.820016 | BM130: Buy Feature 4 RTP | BN130: =SUM(BE132:BE190) -> 71.820016 | BQ130: 新老手
C131: D | D131: E | E131: F | F131: D | G131: E | H131: F | I131: D | J131: E | K131: F | L131: D | M131: E | N131: F | Q131: 使用的表 | R131: Rate | S131: Fix Num 1 | T131: Fix Num 2 | U131: Fix Num 3 | V131: Fix Num 4 | W131: Fix Num 5 | X131: Fix Num 6 | Y131: Fix Num 7 | Z131: Fix Num 8 | AA131: Fix Rate 1 | AB131: Fix Rate 2 | AC131: Fix Rate 3 | AD131: Fix Rate 4 | AE131: Fix Rate 5 | AF131: Fix Rate 6 | AG131: Fix Rate 7 | AH131: Fix Rate 8 | AI131: Final Rate 1 | AJ131: Final Rate 2 | AK131: Final Rate 3 | AL131: Final Rate 4 | AM131: Final Rate 5 | AN131: Final Rate 6 | AO131: Final Rate 7 | AP131: Final Rate 8 | AQ131: Weight 1 | AR131: Weight 2 | AS131: Weight 3 | AT131: Weight 4 | AU131: Weight 5 | AV131: Weight 6 | AW131: Weight 7 | AX131: Weight 8 | AY131: Simulator RTP | AZ131: Hit Rate | BA131: Simulator RTP | BB131: Hit Rate | BC131: Simulator RTP | BD131: Hit Rate | BE131: Simulator RTP | BF131: Hit Rate | BG131: Simulator RTP | BH131: Hit Rate | BI131: Simulator RTP | BJ131: Hit Rate | BK131: Simulator RTP | BL131: Hit Rate | BM131: Simulator RTP | BN131: Hit Rate | BP131: Sugar Rush (BUY) | BQ131: 調性1
A132: -1 | B132: 0 | C132: 94 | F132: 0 | I132: {=_xlfn.LET(_xlpm.x, C132:C190, _xlpm.x/SUM(_xlpm.x))} -> 9.4e-06 | J132: {=_xlfn.LET(_xlpm.x, D132:D190, _xlpm.x/SUM(_xlpm.x))} -> #DIV/0! | L132: {=F132:F190/C132:C190/Overview!$A$5/10} -> 0 | M132: {=G132:G190/D132:D190/Overview!$A$5/5} -> #DIV/0! | P132: ="("&$A132&", "&$B132&"]" -> (-1, 0] | Q132: D | R132: =_xlfn.XLOOKUP(Q132, $I$131:$K$131, I132:K132) -> 9.4e-06 | S132: 0 | T132: 0 | U132: 0 | V132: 0 | W132: 0 | X132: 0 | Y132: 0 | Z132: 0 | AA132: {=$R132:$R190*S132:S190} -> 0 | AB132: {=$R132:$R190*T132:T190} -> 0 | AC132: {=$R132:$R190*U132:U190} -> 0 | AD132: {=$R132:$R190*V132:V190} -> 0 | AE132: {=$R132:$R190*W132:W190} -> 0 | AF132: {=$R132:$R190*X132:X190} -> 0 | AG132: {=$R132:$R190*Y132:Y190} -> 0 | AH132: {=$R132:$R190*Z132:Z190} -> 0 | AI132: {=_xlfn.LET(_xlpm.x,_xlfn.ANCHORARRAY( AA132), _xlpm.x/SUM(_xlpm.x))} -> 0 | AJ132: {=_xlfn.LET(_xlpm.x,_xlfn.ANCHORARRAY( AB132), _xlpm.x/SUM(_xlpm.x))} -> 0 | AK132: {=_xlfn.LET(_xlpm.x,_xlfn.ANCHORARRAY( AC132), _xlpm.x/SUM(_xlpm.x))} -> 0 | AL132: {=_xlfn.LET(_xlpm.x,_xlfn.ANCHORARRAY( AD132), _xlpm.x/SUM(_xlpm.x))} -> 0 | AM132: {=_xlfn.LET(_xlpm.x,_xlfn.ANCHORARRAY( AE132), _xlpm.x/SUM(_xlpm.x))} -> 0 | AN132: {=_xlfn.LET(_xlpm.x,_xlfn.ANCHORARRAY( AF132), _xlpm.x/SUM(_xlpm.x))} -> 0 | AO132: {=_xlfn.LET(_xlpm.x,_xlfn.ANCHORARRAY( AG132), _xlpm.x/SUM(_xlpm.x))} -> 0 | AP132: {=_xlfn.LET(_xlpm.x,_xlfn.ANCHORARRAY( AH132), _xlpm.x/SUM(_xlpm.x))} -> 0 | AQ132: =INT(AI132*$AQ$65) -> 0 | AR132: =INT(AJ132*$AQ$65) -> 0 | AS132: =INT(AK132*$AQ$65) -> 0 | AT132: =INT(AL132*$AQ$65) -> 0 | AU132: =INT(AM132*$AQ$65) -> 0 | AV132: =INT(AN132*$AQ$65) -> 0 | AW132: =INT(AO132*$AQ$65) -> 0 | AX132: =INT(AP132*$AQ$65) -> 0 | AY132: =_xlfn.LET(_xlpm.x, _xlfn.XLOOKUP($Q132, $L$131:$N$131, $L132:$N132), IF(ISERROR(_xlpm.x), 0, _xlpm.x)*AQ132/$AQ$130) -> 0 | AZ132: {=_xlfn.LET(_xlpm.x, AQ132:AQ190, _xlpm.x/SUM(_xlpm.x))} -> 0 | BA132: =_xlfn.LET(_xlpm.x, _xlfn.XLOOKUP($Q132, $L$131:$N$131, $L132:$N132), IF(ISERROR(_xlpm.x), 0, _xlpm.x)*AR132/$AQ$130) -> 0 | BB132: {=_xlfn.LET(_xlpm.x, AR132:AR190, _xlpm.x/SUM(_xlpm.x))} -> 0 | BC132: =_xlfn.LET(_xlpm.x, _xlfn.XLOOKUP($Q132, $L$131:$N$131, $L132:$N132), IF(ISERROR(_xlpm.x), 0, _xlpm.x)*AS132/$AQ$130) -> 0 | BD132: {=_xlfn.LET(_xlpm.x, AS132:AS190, _xlpm.x/SUM(_xlpm.x))} -> 0 | BE132: =_xlfn.LET(_xlpm.x, _xlfn.XLOOKUP($Q132, $L$131:$N$131, $L132:$N132), IF(ISERROR(_xlpm.x), 0, _xlpm.x)*AT132/$AQ$130) -> 0 | BF132: {=_xlfn.LET(_xlpm.x, AT132:AT190, _xlpm.x/SUM(_xlpm.x))} -> 0 | BG132: =_xlfn.LET(_xlpm.x, _xlfn.XLOOKUP($Q132, $L$131:$N$131, $L132:$N132), IF(ISERROR(_xlpm.x), 0, _xlpm.x)*AQ132/$AQ$130) -> 0 | BH132: {=_xlfn.LET(_xlpm.x, AQ132:AQ190, _xlpm.x/SUM(_xlpm.x))} -> 0 | BI132: =_xlfn.LET(_xlpm.x, _xlfn.XLOOKUP($Q132, $L$131:$N$131, $L132:$N132), IF(ISERROR(_xlpm.x), 0, _xlpm.x)*AR132/$AQ$130) -> 0 | BJ132: {=_xlfn.LET(_xlpm.x, AR132:AR190, _xlpm.x/SUM(_xlpm.x))} -> 0 | BK132: =_xlfn.LET(_xlpm.x, _xlfn.XLOOKUP($Q132, $L$131:$N$131, $L132:$N132), IF(ISERROR(_xlpm.x), 0, _xlpm.x)*AS132/$AQ$130) -> 0 | BL132: {=_xlfn.LET(_xlpm.x, AS132:AS190, _xlpm.x/SUM(_xlpm.x))} -> 0 | BM132: =_xlfn.LET(_xlpm.x, _xlfn.XLOOKUP($Q132, $L$131:$N$131, $L132:$N132), IF(ISERROR(_xlpm.x), 0, _xlpm.x)*AT132/$AQ$130) -> 0 | BN132: {=_xlfn.LET(_xlpm.x, AT132:AT190, _xlpm.x/SUM(_xlpm.x))} -> 0 | BP132: 0 | BQ132: {=AZ132:AZ183} -> 0
A133: 0 | B133: 1 | C133: 17536 | F133: 12968250 | I133: 0.0017536 | J133: #DIV/0! | L133: 1.4790431 | M133: #DIV/0! | P133: ="("&$A133&", "&$B133&"]" -> (0, 1] | Q133: D | R133: =_xlfn.XLOOKUP(Q133, $I$131:$K$131, I133:K133) -> 0.0017536 | S133: 0 | T133: 0 | U133: 0 | V133: 0 | W133: 0 | X133: 0 | Y133: 0 | Z133: 0 | AA133: 0 | AB133: 0 | AC133: 0 | AD133: 0 | AE133: 0 | AF133: 0 | AG133: 0 | AH133: 0 | AI133: 0 | AJ133: 0 | AK133: 0 | AL133: 0 | AM133: 0 | AN133: 0 | AO133: 0 | AP133: 0 | AQ133: =INT(AI133*$AQ$65) -> 0 | AR133: =INT(AJ133*$AQ$65) -> 0 | AS133: =INT(AK133*$AQ$65) -> 0 | AT133: =INT(AL133*$AQ$65) -> 0 | AU133: =INT(AM133*$AQ$65) -> 0 | AV133: =INT(AN133*$AQ$65) -> 0 | AW133: =INT(AO133*$AQ$65) -> 0 | AX133: =INT(AP133*$AQ$65) -> 0 | AY133: =_xlfn.LET(_xlpm.x, _xlfn.XLOOKUP($Q133, $L$131:$N$131, $L133:$N133), IF(ISERROR(_xlpm.x), 0, _xlpm.x)*AQ133/$AQ$130) -> 0 | AZ133: 0 | BA133: =_xlfn.LET(_xlpm.x, _xlfn.XLOOKUP($Q133, $L$131:$N$131, $L133:$N133), IF(ISERROR(_xlpm.x), 0, _xlpm.x)*AR133/$AQ$130) -> 0 | BB133: 0 | BC133: =_xlfn.LET(_xlpm.x, _xlfn.XLOOKUP($Q133, $L$131:$N$131, $L133:$N133), IF(ISERROR(_xlpm.x), 0, _xlpm.x)*AS133/$AQ$130) -> 0 | BD133: 0 | BE133: =_xlfn.LET(_xlpm.x, _xlfn.XLOOKUP($Q133, $L$131:$N$131, $L133:$N133), IF(ISERROR(_xlpm.x), 0, _xlpm.x)*AT133/$AQ$130) -> 0 | BF133: 0 | BG133: =_xlfn.LET(_xlpm.x, _xlfn.XLOOKUP($Q133, $L$131:$N$131, $L133:$N133), IF(ISERROR(_xlpm.x), 0, _xlpm.x)*AQ133/$AQ$130) -> 0 | BH133: 0 | BI133: =_xlfn.LET(_xlpm.x, _xlfn.XLOOKUP($Q133, $L$131:$N$131, $L133:$N133), IF(ISERROR(_xlpm.x), 0, _xlpm.x)*AR133/$AQ$130) -> 0 | BJ133: 0 | BK133: =_xlfn.LET(_xlpm.x, _xlfn.XLOOKUP($Q133, $L$131:$N$131, $L133:$N133), IF(ISERROR(_xlpm.x), 0, _xlpm.x)*AS133/$AQ$130) -> 0 | BL133: 0 | BM133: =_xlfn.LET(_xlpm.x, _xlfn.XLOOKUP($Q133, $L$131:$N$131, $L133:$N133), IF(ISERROR(_xlpm.x), 0, _xlpm.x)*AT133/$AQ$130) -> 0 | BN133: 0 | BP133: 0 | BQ133: 0
A134: 1 | B134: 2 | C134: 79054 | F134: 124617300 | I134: 0.0079054 | J134: #DIV/0! | L134: 3.1527133 | M134: #DIV/0! | P134: ="("&$A134&", "&$B134&"]" -> (1, 2] | Q134: D | R134: =_xlfn.XLOOKUP(Q134, $I$131:$K$131, I134:K134) -> 0.0079054 | S134: 0 | T134: 0 | U134: 0 | V134: 0 | W134: 0 | X134: 0 | Y134: 0 | Z134: 0 | AA134: 0 | AB134: 0 | AC134: 0 | AD134: 0 | AE134: 0 | AF134: 0 | AG134: 0 | AH134: 0 | AI134: 0 | AJ134: 0 | AK134: 0 | AL134: 0 | AM134: 0 | AN134: 0 | AO134: 0 | AP134: 0 | AQ134: =INT(AI134*$AQ$65) -> 0 | AR134: =INT(AJ134*$AQ$65) -> 0 | AS134: =INT(AK134*$AQ$65) -> 0 | AT134: =INT(AL134*$AQ$65) -> 0 | AU134: =INT(AM134*$AQ$65) -> 0 | AV134: =INT(AN134*$AQ$65) -> 0 | AW134: =INT(AO134*$AQ$65) -> 0 | AX134: =INT(AP134*$AQ$65) -> 0 | AY134: =_xlfn.LET(_xlpm.x, _xlfn.XLOOKUP($Q134, $L$131:$N$131, $L134:$N134), IF(ISERROR(_xlpm.x), 0, _xlpm.x)*AQ134/$AQ$130) -> 0 | AZ134: 0 | BA134: =_xlfn.LET(_xlpm.x, _xlfn.XLOOKUP($Q134, $L$131:$N$131, $L134:$N134), IF(ISERROR(_xlpm.x), 0, _xlpm.x)*AR134/$AQ$130) -> 0 | BB134: 0 | BC134: =_xlfn.LET(_xlpm.x, _xlfn.XLOOKUP($Q134, $L$131:$N$131, $L134:$N134), IF(ISERROR(_xlpm.x), 0, _xlpm.x)*AS134/$AQ$130) -> 0 | BD134: 0 | BE134: =_xlfn.LET(_xlpm.x, _xlfn.XLOOKUP($Q134, $L$131:$N$131, $L134:$N134), IF(ISERROR(_xlpm.x), 0, _xlpm.x)*AT134/$AQ$130) -> 0 | BF134: 0 | BG134: =_xlfn.LET(_xlpm.x, _xlfn.XLOOKUP($Q134, $L$131:$N$131, $L134:$N134), IF(ISERROR(_xlpm.x), 0, _xlpm.x)*AQ134/$AQ$130) -> 0 | BH134: 0 | BI134: =_xlfn.LET(_xlpm.x, _xlfn.XLOOKUP($Q134, $L$131:$N$131, $L134:$N134), IF(ISERROR(_xlpm.x), 0, _xlpm.x)*AR134/$AQ$130) -> 0 | BJ134: 0 | BK134: =_xlfn.LET(_xlpm.x, _xlfn.XLOOKUP($Q134, $L$131:$N$131, $L134:$N134), IF(ISERROR(_xlpm.x), 0, _xlpm.x)*AS134/$AQ$130) -> 0 | BL134: 0 | BM134: =_xlfn.LET(_xlpm.x, _xlfn.XLOOKUP($Q134, $L$131:$N$131, $L134:$N134), IF(ISERROR(_xlpm.x), 0, _xlpm.x)*AT134/$AQ$130) -> 0 | BN134: 0 | BP134: 0.016706444 | BQ134: 0
A135: 2 | B135: 3 | C135: 115775 | F135: 292529300 | I135: 0.0115775 | J135: #DIV/0! | L135: 5.0534105 | M135: #DIV/0! | P135: ="("&$A135&", "&$B135&"]" -> (2, 3] | Q135: D | R135: =_xlfn.XLOOKUP(Q135, $I$131:$K$131, I135:K135) -> 0.0115775 | S135: 0 | T135: 0 | U135: 0 | V135: 0 | W135: 0 | X135: 0 | Y135: 0 | Z135: 0 | AA135: 0 | AB135: 0 | AC135: 0 | AD135: 0 | AE135: 0 | AF135: 0 | AG135: 0 | AH135: 0 | AI135: 0 | AJ135: 0 | AK135: 0 | AL135: 0 | AM135: 0 | AN135: 0 | AO135: 0 | AP135: 0 | AQ135: =INT(AI135*$AQ$65) -> 0 | AR135: =INT(AJ135*$AQ$65) -> 0 | AS135: =INT(AK135*$AQ$65) -> 0 | AT135: =INT(AL135*$AQ$65) -> 0 | AU135: =INT(AM135*$AQ$65) -> 0 | AV135: =INT(AN135*$AQ$65) -> 0 | AW135: =INT(AO135*$AQ$65) -> 0 | AX135: =INT(AP135*$AQ$65) -> 0 | AY135: =_xlfn.LET(_xlpm.x, _xlfn.XLOOKUP($Q135, $L$131:$N$131, $L135:$N135), IF(ISERROR(_xlpm.x), 0, _xlpm.x)*AQ135/$AQ$130) -> 0 | AZ135: 0 | BA135: =_xlfn.LET(_xlpm.x, _xlfn.XLOOKUP($Q135, $L$131:$N$131, $L135:$N135), IF(ISERROR(_xlpm.x), 0, _xlpm.x)*AR135/$AQ$130) -> 0 | BB135: 0 | BC135: =_xlfn.LET(_xlpm.x, _xlfn.XLOOKUP($Q135, $L$131:$N$131, $L135:$N135), IF(ISERROR(_xlpm.x), 0, _xlpm.x)*AS135/$AQ$130) -> 0 | BD135: 0 | BE135: =_xlfn.LET(_xlpm.x, _xlfn.XLOOKUP($Q135, $L$131:$N$131, $L135:$N135), IF(ISERROR(_xlpm.x), 0, _xlpm.x)*AT135/$AQ$130) -> 0 | BF135: 0 | BG135: =_xlfn.LET(_xlpm.x, _xlfn.XLOOKUP($Q135, $L$131:$N$131, $L135:$N135), IF(ISERROR(_xlpm.x), 0, _xlpm.x)*AQ135/$AQ$130) -> 0 | BH135: 0 | BI135: =_xlfn.LET(_xlpm.x, _xlfn.XLOOKUP($Q135, $L$131:$N$131, $L135:$N135), IF(ISERROR(_xlpm.x), 0, _xlpm.x)*AR135/$AQ$130) -> 0 | BJ135: 0 | BK135: =_xlfn.LET(_xlpm.x, _xlfn.XLOOKUP($Q135, $L$131:$N$131, $L135:$N135), IF(ISERROR(_xlpm.x), 0, _xlpm.x)*AS135/$AQ$130) -> 0 | BL135: 0 | BM135: =_xlfn.LET(_xlpm.x, _xlfn.XLOOKUP($Q135, $L$131:$N$131, $L135:$N135), IF(ISERROR(_xlpm.x), 0, _xlpm.x)*AT135/$AQ$130) -> 0 | BN135: 0 | BP135: 0.014319809 | BQ135: 0
A136: 3 | B136: 4 | C136: 125603 | F136: 441989450 | I136: 0.0125603 | J136: #DIV/0! | L136: 7.0378805 | M136: #DIV/0! | P136: ="("&$A136&", "&$B136&"]" -> (3, 4] | Q136: D | R136: =_xlfn.XLOOKUP(Q136, $I$131:$K$131, I136:K136) -> 0.0125603 | S136: 0 | T136: 0 | U136: 0 | V136: 0 | W136: 0 | X136: 0 | Y136: 0 | Z136: 0 | AA136: 0 | AB136: 0 | AC136: 0 | AD136: 0 | AE136: 0 | AF136: 0 | AG136: 0 | AH136: 0 | AI136: 0 | AJ136: 0 | AK136: 0 | AL136: 0 | AM136: 0 | AN136: 0 | AO136: 0 | AP136: 0 | AQ136: =INT(AI136*$AQ$65) -> 0 | AR136: =INT(AJ136*$AQ$65) -> 0 | AS136: =INT(AK136*$AQ$65) -> 0 | AT136: =INT(AL136*$AQ$65) -> 0 | AU136: =INT(AM136*$AQ$65) -> 0 | AV136: =INT(AN136*$AQ$65) -> 0 | AW136: =INT(AO136*$AQ$65) -> 0 | AX136: =INT(AP136*$AQ$65) -> 0 | AY136: =_xlfn.LET(_xlpm.x, _xlfn.XLOOKUP($Q136, $L$131:$N$131, $L136:$N136), IF(ISERROR(_xlpm.x), 0, _xlpm.x)*AQ136/$AQ$130) -> 0 | AZ136: 0 | BA136: =_xlfn.LET(_xlpm.x, _xlfn.XLOOKUP($Q136, $L$131:$N$131, $L136:$N136), IF(ISERROR(_xlpm.x), 0, _xlpm.x)*AR136/$AQ$130) -> 0 | BB136: 0 | BC136: =_xlfn.LET(_xlpm.x, _xlfn.XLOOKUP($Q136, $L$131:$N$131, $L136:$N136), IF(ISERROR(_xlpm.x), 0, _xlpm.x)*AS136/$AQ$130) -> 0 | BD136: 0 | BE136: =_xlfn.LET(_xlpm.x, _xlfn.XLOOKUP($Q136, $L$131:$N$131, $L136:$N136), IF(ISERROR(_xlpm.x), 0, _xlpm.x)*AT136/$AQ$130) -> 0 | BF136: 0 | BG136: =_xlfn.LET(_xlpm.x, _xlfn.XLOOKUP($Q136, $L$131:$N$131, $L136:$N136), IF(ISERROR(_xlpm.x), 0, _xlpm.x)*AQ136/$AQ$130) -> 0 | BH136: 0 | BI136: =_xlfn.LET(_xlpm.x, _xlfn.XLOOKUP($Q136, $L$131:$N$131, $L136:$N136), IF(ISERROR(_xlpm.x), 0, _xlpm.x)*AR136/$AQ$130) -> 0 | BJ136: 0 | BK136: =_xlfn.LET(_xlpm.x, _xlfn.XLOOKUP($Q136, $L$131:$N$131, $L136:$N136), IF(ISERROR(_xlpm.x), 0, _xlpm.x)*AS136/$AQ$130) -> 0 | BL136: 0 | BM136: =_xlfn.LET(_xlpm.x, _xlfn.XLOOKUP($Q136, $L$131:$N$131, $L136:$N136), IF(ISERROR(_xlpm.x), 0, _xlpm.x)*AT136/$AQ$130) -> 0 | BN136: 0 | BP136: 0.011933174 | BQ136: 0
A137: 4 | B137: 5 | C137: 130565 | F137: 589358025 | I137: 0.0130565 | J137: #DIV/0! | L137: 9.0278103 | M137: #DIV/0! | P137: ="("&$A137&", "&$B137&"]" -> (4, 5] | Q137: D | R137: =_xlfn.XLOOKUP(Q137, $I$131:$K$131, I137:K137) -> 0.0130565 | S137: 0 | T137: 0 | U137: 0 | V137: 0 | W137: 0 | X137: 0 | Y137: 0 | Z137: 0 | AA137: 0 | AB137: 0 | AC137: 0 | AD137: 0 | AE137: 0 | AF137: 0 | AG137: 0 | AH137: 0 | AI137: 0 | AJ137: 0 | AK137: 0 | AL137: 0 | AM137: 0 | AN137: 0 | AO137: 0 | AP137: 0 | AQ137: =INT(AI137*$AQ$65) -> 0 | AR137: =INT(AJ137*$AQ$65) -> 0 | AS137: =INT(AK137*$AQ$65) -> 0 | AT137: =INT(AL137*$AQ$65) -> 0 | AU137: =INT(AM137*$AQ$65) -> 0 | AV137: =INT(AN137*$AQ$65) -> 0 | AW137: =INT(AO137*$AQ$65) -> 0 | AX137: =INT(AP137*$AQ$65) -> 0 | AY137: =_xlfn.LET(_xlpm.x, _xlfn.XLOOKUP($Q137, $L$131:$N$131, $L137:$N137), IF(ISERROR(_xlpm.x), 0, _xlpm.x)*AQ137/$AQ$130) -> 0 | AZ137: 0 | BA137: =_xlfn.LET(_xlpm.x, _xlfn.XLOOKUP($Q137, $L$131:$N$131, $L137:$N137), IF(ISERROR(_xlpm.x), 0, _xlpm.x)*AR137/$AQ$130) -> 0 | BB137: 0 | BC137: =_xlfn.LET(_xlpm.x, _xlfn.XLOOKUP($Q137, $L$131:$N$131, $L137:$N137), IF(ISERROR(_xlpm.x), 0, _xlpm.x)*AS137/$AQ$130) -> 0 | BD137: 0 | BE137: =_xlfn.LET(_xlpm.x, _xlfn.XLOOKUP($Q137, $L$131:$N$131, $L137:$N137), IF(ISERROR(_xlpm.x), 0, _xlpm.x)*AT137/$AQ$130) -> 0 | BF137: 0 | BG137: =_xlfn.LET(_xlpm.x, _xlfn.XLOOKUP($Q137, $L$131:$N$131, $L137:$N137), IF(ISERROR(_xlpm.x), 0, _xlpm.x)*AQ137/$AQ$130) -> 0 | BH137: 0 | BI137: =_xlfn.LET(_xlpm.x, _xlfn.XLOOKUP($Q137, $L$131:$N$131, $L137:$N137), IF(ISERROR(_xlpm.x), 0, _xlpm.x)*AR137/$AQ$130) -> 0 | BJ137: 0 | BK137: =_xlfn.LET(_xlpm.x, _xlfn.XLOOKUP($Q137, $L$131:$N$131, $L137:$N137), IF(ISERROR(_xlpm.x), 0, _xlpm.x)*AS137/$AQ$130) -> 0 | BL137: 0 | BM137: =_xlfn.LET(_xlpm.x, _xlfn.XLOOKUP($Q137, $L$131:$N$131, $L137:$N137), IF(ISERROR(_xlpm.x), 0, _xlpm.x)*AT137/$AQ$130) -> 0 | BN137: 0 | BP137: 0.028639618 | BQ137: 0
A138: 5 | B138: 6 | C138: 132931 | F138: 733031975 | I138: 0.0132931 | J138: #DIV/0! | L138: 11.028759 | M138: #DIV/0! | P138: ="("&$A138&", "&$B138&"]" -> (5, 6] | Q138: D | R138: =_xlfn.XLOOKUP(Q138, $I$131:$K$131, I138:K138) -> 0.0132931 | S138: 2 | T138: 0 | U138: 0 | V138: 0 | W138: 2 | X138: 2 | Y138: 0 | Z138: 0 | AA138: 0.0265862 | AB138: 0 | AC138: 0 | AD138: 0 | AE138: 0.0265862 | AF138: 0.0265862 | AG138: 0 | AH138: 0 | AI138: 0.027723135 | AJ138: 0 | AK138: 0 | AL138: 0 | AM138: 0.027723135 | AN138: 0.014451018 | AO138: 0 | AP138: 0 | AQ138: =INT(AI138*$AQ$65) -> 27723134 | AR138: =INT(AJ138*$AQ$65) -> 0 | AS138: =INT(AK138*$AQ$65) -> 0 | AT138: =INT(AL138*$AQ$65) -> 0 | AU138: =INT(AM138*$AQ$65) -> 27723134 | AV138: =INT(AN138*$AQ$65) -> 14451018 | AW138: =INT(AO138*$AQ$65) -> 0 | AX138: =INT(AP138*$AQ$65) -> 0 | AY138: =_xlfn.LET(_xlpm.x, _xlfn.XLOOKUP($Q138, $L$131:$N$131, $L138:$N138), IF(ISERROR(_xlpm.x), 0, _xlpm.x)*AQ138/$AQ$130) -> 0.30575176 | AZ138: 0.027723134 | BA138: =_xlfn.LET(_xlpm.x, _xlfn.XLOOKUP($Q138, $L$131:$N$131, $L138:$N138), IF(ISERROR(_xlpm.x), 0, _xlpm.x)*AR138/$AQ$130) -> 0 | BB138: 0 | BC138: =_xlfn.LET(_xlpm.x, _xlfn.XLOOKUP($Q138, $L$131:$N$131, $L138:$N138), IF(ISERROR(_xlpm.x), 0, _xlpm.x)*AS138/$AQ$130) -> 0 | BD138: 0 | BE138: =_xlfn.LET(_xlpm.x, _xlfn.XLOOKUP($Q138, $L$131:$N$131, $L138:$N138), IF(ISERROR(_xlpm.x), 0, _xlpm.x)*AT138/$AQ$130) -> 0 | BF138: 0 | BG138: =_xlfn.LET(_xlpm.x, _xlfn.XLOOKUP($Q138, $L$131:$N$131, $L138:$N138), IF(ISERROR(_xlpm.x), 0, _xlpm.x)*AQ138/$AQ$130) -> 0.30575176 | BH138: 0.027723134 | BI138: =_xlfn.LET(_xlpm.x, _xlfn.XLOOKUP($Q138, $L$131:$N$131, $L138:$N138), IF(ISERROR(_xlpm.x), 0, _xlpm.x)*AR138/$AQ$130) -> 0 | BJ138: 0 | BK138: =_xlfn.LET(_xlpm.x, _xlfn.XLOOKUP($Q138, $L$131:$N$131, $L138:$N138), IF(ISERROR(_xlpm.x), 0, _xlpm.x)*AS138/$AQ$130) -> 0 | BL138: 0 | BM138: =_xlfn.LET(_xlpm.x, _xlfn.XLOOKUP($Q138, $L$131:$N$131, $L138:$N138), IF(ISERROR(_xlpm.x), 0, _xlpm.x)*AT138/$AQ$130) -> 0 | BN138: 0 | BP138: 0.019093079 | BQ138: 0.027723134
A139: 6 | B139: 7 | C139: 134205 | F139: 874026775 | I139: 0.0134205 | J139: #DIV/0! | L139: 13.025249 | M139: #DIV/0! | P139: ="("&$A139&", "&$B139&"]" -> (6, 7] | Q139: D | R139: =_xlfn.XLOOKUP(Q139, $I$131:$K$131, I139:K139) -> 0.0134205 | S139: 2 | T139: 0 | U139: 0 | V139: 0 | W139: 2 | X139: 3 | Y139: 0 | Z139: 0 | AA139: 0.026841 | AB139: 0 | AC139: 0 | AD139: 0 | AE139: 0.026841 | AF139: 0.0402615 | AG139: 0 | AH139: 0 | AI139: 0.027988831 | AJ139: 0 | AK139: 0 | AL139: 0 | AM139: 0.027988831 | AN139: 0.021884273 | AO139: 0 | AP139: 0 | AQ139: =INT(AI139*$AQ$65) -> 27988831 | AR139: =INT(AJ139*$AQ$65) -> 0 | AS139: =INT(AK139*$AQ$65) -> 0 | AT139: =INT(AL139*$AQ$65) -> 0 | AU139: =INT(AM139*$AQ$65) -> 27988831 | AV139: =INT(AN139*$AQ$65) -> 21884273 | AW139: =INT(AO139*$AQ$65) -> 0 | AX139: =INT(AP139*$AQ$65) -> 0 | AY139: =_xlfn.LET(_xlpm.x, _xlfn.XLOOKUP($Q139, $L$131:$N$131, $L139:$N139), IF(ISERROR(_xlpm.x), 0, _xlpm.x)*AQ139/$AQ$130) -> 0.36456149 | AZ139: 0.027988831 | BA139: =_xlfn.LET(_xlpm.x, _xlfn.XLOOKUP($Q139, $L$131:$N$131, $L139:$N139), IF(ISERROR(_xlpm.x), 0, _xlpm.x)*AR139/$AQ$130) -> 0 | BB139: 0 | BC139: =_xlfn.LET(_xlpm.x, _xlfn.XLOOKUP($Q139, $L$131:$N$131, $L139:$N139), IF(ISERROR(_xlpm.x), 0, _xlpm.x)*AS139/$AQ$130) -> 0 | BD139: 0 | BE139: =_xlfn.LET(_xlpm.x, _xlfn.XLOOKUP($Q139, $L$131:$N$131, $L139:$N139), IF(ISERROR(_xlpm.x), 0, _xlpm.x)*AT139/$AQ$130) -> 0 | BF139: 0 | BG139: =_xlfn.LET(_xlpm.x, _xlfn.XLOOKUP($Q139, $L$131:$N$131, $L139:$N139), IF(ISERROR(_xlpm.x), 0, _xlpm.x)*AQ139/$AQ$130) -> 0.36456149 | BH139: 0.027988831 | BI139: =_xlfn.LET(_xlpm.x, _xlfn.XLOOKUP($Q139, $L$131:$N$131, $L139:$N139), IF(ISERROR(_xlpm.x), 0, _xlpm.x)*AR139/$AQ$130) -> 0 | BJ139: 0 | BK139: =_xlfn.LET(_xlpm.x, _xlfn.XLOOKUP($Q139, $L$131:$N$131, $L139:$N139), IF(ISERROR(_xlpm.x), 0, _xlpm.x)*AS139/$AQ$130) -> 0 | BL139: 0 | BM139: =_xlfn.LET(_xlpm.x, _xlfn.XLOOKUP($Q139, $L$131:$N$131, $L139:$N139), IF(ISERROR(_xlpm.x), 0, _xlpm.x)*AT139/$AQ$130) -> 0 | BN139: 0 | BP139: 0.026252983 | BQ139: 0.027988831
A140: 7 | B140: 8 | C140: 135229 | F140: 1015819275 | I140: 0.0135229 | J140: #DIV/0! | L140: 15.02369 | M140: #DIV/0! | P140: ="("&$A140&", "&$B140&"]" -> (7, 8] | Q140: D | R140: =_xlfn.XLOOKUP(Q140, $I$131:$K$131, I140:K140) -> 0.0135229 | S140: 2 | T140: 0 | U140: 0.1 | V140: 0.1 | W140: 2 | X140: 4 | Y140: 0.1 | Z140: 0.1 | AA140: 0.0270458 | AB140: 0 | AC140: 0.00135229 | AD140: 0.00135229 | AE140: 0.0270458 | AF140: 0.0540916 | AG140: 0.00135229 | AH140: 0.00135229 | AI140: 0.028202389 | AJ140: 0 | AK140: 0.0012957956 | AL140: 0.0012957956 | AM140: 0.028202389 | AN140: 0.029401671 | AO140: 0.0012957956 | AP140: 0.0012957956 | AQ140: =INT(AI140*$AQ$65) -> 28202389 | AR140: =INT(AJ140*$AQ$65) -> 0 | AS140: =INT(AK140*$AQ$65) -> 1295795 | AT140: =INT(AL140*$AQ$65) -> 1295795 | AU140: =INT(AM140*$AQ$65) -> 28202389 | AV140: =INT(AN140*$AQ$65) -> 29401670 | AW140: =INT(AO140*$AQ$65) -> 1295795 | AX140: =INT(AP140*$AQ$65) -> 1295795 | AY140: =_xlfn.LET(_xlpm.x, _xlfn.XLOOKUP($Q140, $L$131:$N$131, $L140:$N140), IF(ISERROR(_xlpm.x), 0, _xlpm.x)*AQ140/$AQ$130) -> 0.42370394 | AZ140: 0.028202389 | BA140: =_xlfn.LET(_xlpm.x, _xlfn.XLOOKUP($Q140, $L$131:$N$131, $L140:$N140), IF(ISERROR(_xlpm.x), 0, _xlpm.x)*AR140/$AQ$130) -> 0 | BB140: 0 | BC140: =_xlfn.LET(_xlpm.x, _xlfn.XLOOKUP($Q140, $L$131:$N$131, $L140:$N140), IF(ISERROR(_xlpm.x), 0, _xlpm.x)*AS140/$AQ$130) -> 0.019467622 | BD140: 0.001295795 | BE140: =_xlfn.LET(_xlpm.x, _xlfn.XLOOKUP($Q140, $L$131:$N$131, $L140:$N140), IF(ISERROR(_xlpm.x), 0, _xlpm.x)*AT140/$AQ$130) -> 0.019467622 | BF140: 0.001295795 | BG140: =_xlfn.LET(_xlpm.x, _xlfn.XLOOKUP($Q140, $L$131:$N$131, $L140:$N140), IF(ISERROR(_xlpm.x), 0, _xlpm.x)*AQ140/$AQ$130) -> 0.42370394 | BH140: 0.028202389 | BI140: =_xlfn.LET(_xlpm.x, _xlfn.XLOOKUP($Q140, $L$131:$N$131, $L140:$N140), IF(ISERROR(_xlpm.x), 0, _xlpm.x)*AR140/$AQ$130) -> 0 | BJ140: 0 | BK140: =_xlfn.LET(_xlpm.x, _xlfn.XLOOKUP($Q140, $L$131:$N$131, $L140:$N140), IF(ISERROR(_xlpm.x), 0, _xlpm.x)*AS140/$AQ$130) -> 0.019467622 | BL140: 0.001295795 | BM140: =_xlfn.LET(_xlpm.x, _xlfn.XLOOKUP($Q140, $L$131:$N$131, $L140:$N140), IF(ISERROR(_xlpm.x), 0, _xlpm.x)*AT140/$AQ$130) -> 0.019467622 | BN140: 0.001295795 | BP140: 0.023866348 | BQ140: 0.028202389
A141: 8 | B141: 9 | C141: 133695 | F141: 1138053825 | I141: 0.0133695 | J141: #DIV/0! | L141: 17.024628 | M141: #DIV/0! | P141: ="("&$A141&", "&$B141&"]" -> (8, 9] | Q141: D | R141: =_xlfn.XLOOKUP(Q141, $I$131:$K$131, I141:K141) -> 0.0133695 | S141: 2 | T141: 0 | U141: 0.2 | V141: 0.2 | W141: 2 | X141: 5 | Y141: 0.2 | Z141: 0.2 | AA141: 0.026739 | AB141: 0 | AC141: 0.0026739 | AD141: 0.0026739 | AE141: 0.026739 | AF141: 0.0668475 | AG141: 0.0026739 | AH141: 0.0026739 | AI141: 0.027882469 | AJ141: 0 | AK141: 0.0025621929 | AL141: 0.0025621929 | AM141: 0.027882469 | AN141: 0.036335183 | AO141: 0.0025621929 | AP141: 0.0025621929 | AQ141: =INT(AI141*$AQ$65) -> 27882469 | AR141: =INT(AJ141*$AQ$65) -> 0 | AS141: =INT(AK141*$AQ$65) -> 2562192 | AT141: =INT(AL141*$AQ$65) -> 2562192 | AU141: =INT(AM141*$AQ$65) -> 27882469 | AV141: =INT(AN141*$AQ$65) -> 36335183 | AW141: =INT(AO141*$AQ$65) -> 2562192 | AX141: =INT(AP141*$AQ$65) -> 2562192 | AY141: =_xlfn.LET(_xlpm.x, _xlfn.XLOOKUP($Q141, $L$131:$N$131, $L141:$N141), IF(ISERROR(_xlpm.x), 0, _xlpm.x)*AQ141/$AQ$130) -> 0.47468866 | AZ141: 0.027882469 | BA141: =_xlfn.LET(_xlpm.x, _xlfn.XLOOKUP($Q141, $L$131:$N$131, $L141:$N141), IF(ISERROR(_xlpm.x), 0, _xlpm.x)*AR141/$AQ$130) -> 0 | BB141: 0 | BC141: =_xlfn.LET(_xlpm.x, _xlfn.XLOOKUP($Q141, $L$131:$N$131, $L141:$N141), IF(ISERROR(_xlpm.x), 0, _xlpm.x)*AS141/$AQ$130) -> 0.043620366 | BD141: 0.002562192 | BE141: =_xlfn.LET(_xlpm.x, _xlfn.XLOOKUP($Q141, $L$131:$N$131, $L141:$N141), IF(ISERROR(_xlpm.x), 0, _xlpm.x)*AT141/$AQ$130) -> 0.043620366 | BF141: 0.002562192 | BG141: =_xlfn.LET(_xlpm.x, _xlfn.XLOOKUP($Q141, $L$131:$N$131, $L141:$N141), IF(ISERROR(_xlpm.x), 0, _xlpm.x)*AQ141/$AQ$130) -> 0.47468866 | BH141: 0.027882469 | BI141: =_xlfn.LET(_xlpm.x, _xlfn.XLOOKUP($Q141, $L$131:$N$131, $L141:$N141), IF(ISERROR(_xlpm.x), 0, _xlpm.x)*AR141/$AQ$130) -> 0 | BJ141: 0 | BK141: =_xlfn.LET(_xlpm.x, _xlfn.XLOOKUP($Q141, $L$131:$N$131, $L141:$N141), IF(ISERROR(_xlpm.x), 0, _xlpm.x)*AS141/$AQ$130) -> 0.043620366 | BL141: 0.002562192 | BM141: =_xlfn.LET(_xlpm.x, _xlfn.XLOOKUP($Q141, $L$131:$N$131, $L141:$N141), IF(ISERROR(_xlpm.x), 0, _xlpm.x)*AT141/$AQ$130) -> 0.043620366 | BN141: 0.002562192 | BP141: 0.014319809 | BQ141: 0.027882469
A142: 9 | B142: 10 | C142: 133060 | F142: 1265825200 | I142: 0.013306 | J142: #DIV/0! | L142: 19.026382 | M142: #DIV/0! | P142: ="("&$A142&", "&$B142&"]" -> (9, 10] | Q142: D | R142: =_xlfn.XLOOKUP(Q142, $I$131:$K$131, I142:K142) -> 0.013306 | S142: 2.1523837 | T142: 0 | U142: 0.3 | V142: 0.3 | W142: 2.1523837 | X142: 6 | Y142: 0.3 | Z142: 0.3 | AA142: 0.028639618 | AB142: 0 | AC142: 0.0039918 | AD142: 0.0039918 | AE142: 0.028639618 | AF142: 0.079836 | AG142: 0.0039918 | AH142: 0.0039918 | AI142: 0.029864366 | AJ142: 0 | AK142: 0.0038250352 | AL142: 0.0038250352 | AM142: 0.029864366 | AN142: 0.043395126 | AO142: 0.0038250352 | AP142: 0.0038250352 | AQ142: =INT(AI142*$AQ$65) -> 29864365 | AR142: =INT(AJ142*$AQ$65) -> 0 | AS142: =INT(AK142*$AQ$65) -> 3825035 | AT142: =INT(AL142*$AQ$65) -> 3825035 | AU142: =INT(AM142*$AQ$65) -> 29864365 | AV142: =INT(AN142*$AQ$65) -> 43395125 | AW142: =INT(AO142*$AQ$65) -> 3825035 | AX142: =INT(AP142*$AQ$65) -> 3825035 | AY142: =_xlfn.LET(_xlpm.x, _xlfn.XLOOKUP($Q142, $L$131:$N$131, $L142:$N142), IF(ISERROR(_xlpm.x), 0, _xlpm.x)*AQ142/$AQ$130) -> 0.56821082 | AZ142: 0.029864365 | BA142: =_xlfn.LET(_xlpm.x, _xlfn.XLOOKUP($Q142, $L$131:$N$131, $L142:$N142), IF(ISERROR(_xlpm.x), 0, _xlpm.x)*AR142/$AQ$130) -> 0 | BB142: 0 | BC142: =_xlfn.LET(_xlpm.x, _xlfn.XLOOKUP($Q142, $L$131:$N$131, $L142:$N142), IF(ISERROR(_xlpm.x), 0, _xlpm.x)*AS142/$AQ$130) -> 0.072776577 | BD142: 0.0038250351 | BE142: =_xlfn.LET(_xlpm.x, _xlfn.XLOOKUP($Q142, $L$131:$N$131, $L142:$N142), IF(ISERROR(_xlpm.x), 0, _xlpm.x)*AT142/$AQ$130) -> 0.072776577 | BF142: 0.0038250351 | BG142: =_xlfn.LET(_xlpm.x, _xlfn.XLOOKUP($Q142, $L$131:$N$131, $L142:$N142), IF(ISERROR(_xlpm.x), 0, _xlpm.x)*AQ142/$AQ$130) -> 0.56821082 | BH142: 0.029864365 | BI142: =_xlfn.LET(_xlpm.x, _xlfn.XLOOKUP($Q142, $L$131:$N$131, $L142:$N142), IF(ISERROR(_xlpm.x), 0, _xlpm.x)*AR142/$AQ$130) -> 0 | BJ142: 0 | BK142: =_xlfn.LET(_xlpm.x, _xlfn.XLOOKUP($Q142, $L$131:$N$131, $L142:$N142), IF(ISERROR(_xlpm.x), 0, _xlpm.x)*AS142/$AQ$130) -> 0.072776577 | BL142: 0.0038250351 | BM142: =_xlfn.LET(_xlpm.x, _xlfn.XLOOKUP($Q142, $L$131:$N$131, $L142:$N142), IF(ISERROR(_xlpm.x), 0, _xlpm.x)*AT142/$AQ$130) -> 0.072776577 | BN142: 0.0038250351 | BP142: 0.028639618 | BQ142: 0.029864365
A143: 10 | B143: 15 | C143: 637666 | F143: 7956447350 | I143: 0.0637666 | J143: #DIV/0! | L143: 24.954905 | M143: #DIV/0! | P143: ="("&$A143&", "&$B143&"]" -> (10, 15] | Q143: D | R143: =_xlfn.XLOOKUP(Q143, $I$131:$K$131, I143:K143) -> 0.0637666 | S143: 1.925 | T143: 0 | U143: 0.2 | V143: 0.2 | W143: 1.925 | X143: 3 | Y143: 0.2 | Z143: 0.2 | AA143: 0.12275071 | AB143: 0 | AC143: 0.01275332 | AD143: 0.01275332 | AE143: 0.12275071 | AF143: 0.1912998 | AG143: 0.01275332 | AH143: 0.01275332 | AI143: 0.12800003 | AJ143: 0 | AK143: 0.012220526 | AL143: 0.012220526 | AM143: 0.12800003 | AN143: 0.10398165 | AO143: 0.012220526 | AP143: 0.012220526 | AQ143: =INT(AI143*$AQ$65) -> 128000028 | AR143: =INT(AJ143*$AQ$65) -> 0 | AS143: =INT(AK143*$AQ$65) -> 12220526 | AT143: =INT(AL143*$AQ$65) -> 12220526 | AU143: =INT(AM143*$AQ$65) -> 128000028 | AV143: =INT(AN143*$AQ$65) -> 103981648 | AW143: =INT(AO143*$AQ$65) -> 12220526 | AX143: =INT(AP143*$AQ$65) -> 12220526 | AY143: =_xlfn.LET(_xlpm.x, _xlfn.XLOOKUP($Q143, $L$131:$N$131, $L143:$N143), IF(ISERROR(_xlpm.x), 0, _xlpm.x)*AQ143/$AQ$130) -> 3.1942286 | AZ143: 0.12800003 | BA143: =_xlfn.LET(_xlpm.x, _xlfn.XLOOKUP($Q143, $L$131:$N$131, $L143:$N143), IF(ISERROR(_xlpm.x), 0, _xlpm.x)*AR143/$AQ$130) -> 0 | BB143: 0 | BC143: =_xlfn.LET(_xlpm.x, _xlfn.XLOOKUP($Q143, $L$131:$N$131, $L143:$N143), IF(ISERROR(_xlpm.x), 0, _xlpm.x)*AS143/$AQ$130) -> 0.30496207 | BD143: 0.012220526 | BE143: =_xlfn.LET(_xlpm.x, _xlfn.XLOOKUP($Q143, $L$131:$N$131, $L143:$N143), IF(ISERROR(_xlpm.x), 0, _xlpm.x)*AT143/$AQ$130) -> 0.30496207 | BF143: 0.012220526 | BG143: =_xlfn.LET(_xlpm.x, _xlfn.XLOOKUP($Q143, $L$131:$N$131, $L143:$N143), IF(ISERROR(_xlpm.x), 0, _xlpm.x)*AQ143/$AQ$130) -> 3.1942286 | BH143: 0.12800003 | BI143: =_xlfn.LET(_xlpm.x, _xlfn.XLOOKUP($Q143, $L$131:$N$131, $L143:$N143), IF(ISERROR(_xlpm.x), 0, _xlpm.x)*AR143/$AQ$130) -> 0 | BJ143: 0 | BK143: =_xlfn.LET(_xlpm.x, _xlfn.XLOOKUP($Q143, $L$131:$N$131, $L143:$N143), IF(ISERROR(_xlpm.x), 0, _xlpm.x)*AS143/$AQ$130) -> 0.30496207 | BL143: 0.012220526 | BM143: =_xlfn.LET(_xlpm.x, _xlfn.XLOOKUP($Q143, $L$131:$N$131, $L143:$N143), IF(ISERROR(_xlpm.x), 0, _xlpm.x)*AT143/$AQ$130) -> 0.30496207 | BN143: 0.012220526 | BP143: 0.12887828 | BQ143: 0.12800003
A144: 15 | B144: 20 | C144: 578526 | F144: 10107630400 | I144: 0.0578526 | J144: #DIV/0! | L144: 34.942701 | M144: #DIV/0! | P144: ="("&$A144&", "&$B144&"]" -> (15, 20] | Q144: D | R144: =_xlfn.XLOOKUP(Q144, $I$131:$K$131, I144:K144) -> 0.0578526 | S144: 1.320119 | T144: 0.1 | U144: 0.4 | V144: 0.4 | W144: 1.320119 | X144: 4 | Y144: 0.4 | Z144: 0.4 | AA144: 0.076372315 | AB144: 0.00578526 | AC144: 0.02314104 | AD144: 0.02314104 | AE144: 0.076372315 | AF144: 0.2314104 | AG144: 0.02314104 | AH144: 0.02314104 | AI144: 0.079638308 | AJ144: 0.015998397 | AK144: 0.02217428 | AL144: 0.02217428 | AM144: 0.079638308 | AN144: 0.1257839 | AO144: 0.02217428 | AP144: 0.02217428 | AQ144: =INT(AI144*$AQ$65) -> 79638308 | AR144: =INT(AJ144*$AQ$65) -> 15998396 | AS144: =INT(AK144*$AQ$65) -> 22174280 | AT144: =INT(AL144*$AQ$65) -> 22174280 | AU144: =INT(AM144*$AQ$65) -> 79638308 | AV144: =INT(AN144*$AQ$65) -> 125783899 | AW144: =INT(AO144*$AQ$65) -> 22174280 | AX144: =INT(AP144*$AQ$65) -> 22174280 | AY144: =_xlfn.LET(_xlpm.x, _xlfn.XLOOKUP($Q144, $L$131:$N$131, $L144:$N144), IF(ISERROR(_xlpm.x), 0, _xlpm.x)*AQ144/$AQ$130) -> 2.7827776 | AZ144: 0.079638309 | BA144: =_xlfn.LET(_xlpm.x, _xlfn.XLOOKUP($Q144, $L$131:$N$131, $L144:$N144), IF(ISERROR(_xlpm.x), 0, _xlpm.x)*AR144/$AQ$130) -> 0.55902716 | BB144: 0.015998396 | BC144: =_xlfn.LET(_xlpm.x, _xlfn.XLOOKUP($Q144, $L$131:$N$131, $L144:$N144), IF(ISERROR(_xlpm.x), 0, _xlpm.x)*AS144/$AQ$130) -> 0.77482923 | BD144: 0.02217428 | BE144: =_xlfn.LET(_xlpm.x, _xlfn.XLOOKUP($Q144, $L$131:$N$131, $L144:$N144), IF(ISERROR(_xlpm.x), 0, _xlpm.x)*AT144/$AQ$130) -> 0.77482923 | BF144: 0.02217428 | BG144: =_xlfn.LET(_xlpm.x, _xlfn.XLOOKUP($Q144, $L$131:$N$131, $L144:$N144), IF(ISERROR(_xlpm.x), 0, _xlpm.x)*AQ144/$AQ$130) -> 2.7827776 | BH144: 0.079638309 | BI144: =_xlfn.LET(_xlpm.x, _xlfn.XLOOKUP($Q144, $L$131:$N$131, $L144:$N144), IF(ISERROR(_xlpm.x), 0, _xlpm.x)*AR144/$AQ$130) -> 0.55902716 | BJ144: 0.015998396 | BK144: =_xlfn.LET(_xlpm.x, _xlfn.XLOOKUP($Q144, $L$131:$N$131, $L144:$N144), IF(ISERROR(_xlpm.x), 0, _xlpm.x)*AS144/$AQ$130) -> 0.77482923 | BL144: 0.02217428 | BM144: =_xlfn.LET(_xlpm.x, _xlfn.XLOOKUP($Q144, $L$131:$N$131, $L144:$N144), IF(ISERROR(_xlpm.x), 0, _xlpm.x)*AT144/$AQ$130) -> 0.77482923 | BN144: 0.02217428 | BP144: 0.076372315 | BQ144: 0.079638309
... A188: 20000 | B188: 25000 | C188: 4984 | F188: 111138553525 | I188: 0.0004984 | J188: #DIV/0! | L188: 44598.135 | M188: #DIV/0! | P188: ="("&$A188&", "&$B188&"]" -> (20000, 25000] | Q188: D | R188: =_xlfn.XLOOKUP(Q188, $I$131:$K$131, I188:K188) -> 0.0004984 | S188: 0 | T188: 0 | U188: 0 | V188: 0 | W188: 0 | X188: 0 | Y188: 0 | Z188: 0 | AA188: 0 | AB188: 0 | AC188: 0 | AD188: 0 | AE188: 0 | AF188: 0 | AG188: 0 | AH188: 0 | AI188: 0 | AJ188: 0 | AK188: 0 | AL188: 0 | AM188: 0 | AN188: 0 | AO188: 0 | AP188: 0 | AQ188: =INT(AI188*$AQ$65) -> 0 | AR188: =INT(AJ188*$AQ$65) -> 0 | AS188: =INT(AK188*$AQ$65) -> 0 | AT188: =INT(AL188*$AQ$65) -> 0 | AU188: =INT(AM188*$AQ$65) -> 0 | AV188: =INT(AN188*$AQ$65) -> 0 | AW188: =INT(AO188*$AQ$65) -> 0 | AX188: =INT(AP188*$AQ$65) -> 0 | AY188: =_xlfn.LET(_xlpm.x, _xlfn.XLOOKUP($Q188, $L$131:$N$131, $L188:$N188), IF(ISERROR(_xlpm.x), 0, _xlpm.x)*AQ188/$AQ$130) -> 0 | AZ188: 0 | BA188: =_xlfn.LET(_xlpm.x, _xlfn.XLOOKUP($Q188, $L$131:$N$131, $L188:$N188), IF(ISERROR(_xlpm.x), 0, _xlpm.x)*AR188/$AQ$130) -> 0 | BB188: 0 | BC188: =_xlfn.LET(_xlpm.x, _xlfn.XLOOKUP($Q188, $L$131:$N$131, $L188:$N188), IF(ISERROR(_xlpm.x), 0, _xlpm.x)*AS188/$AQ$130) -> 0 | BD188: 0 | BE188: =_xlfn.LET(_xlpm.x, _xlfn.XLOOKUP($Q188, $L$131:$N$131, $L188:$N188), IF(ISERROR(_xlpm.x), 0, _xlpm.x)*AT188/$AQ$130) -> 0 | BF188: 0 | BG188: =_xlfn.LET(_xlpm.x, _xlfn.XLOOKUP($Q188, $L$131:$N$131, $L188:$N188), IF(ISERROR(_xlpm.x), 0, _xlpm.x)*AQ188/$AQ$130) -> 0 | BH188: 0 | BI188: =_xlfn.LET(_xlpm.x, _xlfn.XLOOKUP($Q188, $L$131:$N$131, $L188:$N188), IF(ISERROR(_xlpm.x), 0, _xlpm.x)*AR188/$AQ$130) -> 0 | BJ188: 0 | BK188: =_xlfn.LET(_xlpm.x, _xlfn.XLOOKUP($Q188, $L$131:$N$131, $L188:$N188), IF(ISERROR(_xlpm.x), 0, _xlpm.x)*AS188/$AQ$130) -> 0 | BL188: 0 | BM188: =_xlfn.LET(_xlpm.x, _xlfn.XLOOKUP($Q188, $L$131:$N$131, $L188:$N188), IF(ISERROR(_xlpm.x), 0, _xlpm.x)*AT188/$AQ$130) -> 0 | BN188: 0 | BP188: 0 | BQ188: 0
C189: 12007 | F189: 649243657725 | I189: 0.0012007 | J189: #DIV/0! | L189: 108144.19 | M189: #DIV/0! | P189: ="("&$A189&", "&$B189&"]" -> (, ] | Q189: D | R189: =_xlfn.XLOOKUP(Q189, $I$131:$K$131, I189:K189) -> 0.0012007 | S189: 0 | T189: 0 | U189: 0 | V189: 0 | W189: 0 | X189: 0 | Y189: 0 | Z189: 0 | AA189: 0 | AB189: 0 | AC189: 0 | AD189: 0 | AE189: 0 | AF189: 0 | AG189: 0 | AH189: 0 | AI189: 0 | AJ189: 0 | AK189: 0 | AL189: 0 | AM189: 0 | AN189: 0 | AO189: 0 | AP189: 0 | AQ189: =INT(AI189*$AQ$65) -> 0 | AR189: =INT(AJ189*$AQ$65) -> 0 | AS189: =INT(AK189*$AQ$65) -> 0 | AT189: =INT(AL189*$AQ$65) -> 0 | AU189: =INT(AM189*$AQ$65) -> 0 | AV189: =INT(AN189*$AQ$65) -> 0 | AW189: =INT(AO189*$AQ$65) -> 0 | AX189: =INT(AP189*$AQ$65) -> 0 | AY189: =_xlfn.LET(_xlpm.x, _xlfn.XLOOKUP($Q189, $L$131:$N$131, $L189:$N189), IF(ISERROR(_xlpm.x), 0, _xlpm.x)*AQ189/$AQ$130) -> 0 | AZ189: 0 | BA189: =_xlfn.LET(_xlpm.x, _xlfn.XLOOKUP($Q189, $L$131:$N$131, $L189:$N189), IF(ISERROR(_xlpm.x), 0, _xlpm.x)*AR189/$AQ$130) -> 0 | BB189: 0 | BC189: =_xlfn.LET(_xlpm.x, _xlfn.XLOOKUP($Q189, $L$131:$N$131, $L189:$N189), IF(ISERROR(_xlpm.x), 0, _xlpm.x)*AS189/$AQ$130) -> 0 | BD189: 0 | BE189: =_xlfn.LET(_xlpm.x, _xlfn.XLOOKUP($Q189, $L$131:$N$131, $L189:$N189), IF(ISERROR(_xlpm.x), 0, _xlpm.x)*AT189/$AQ$130) -> 0 | BF189: 0 | BG189: =_xlfn.LET(_xlpm.x, _xlfn.XLOOKUP($Q189, $L$131:$N$131, $L189:$N189), IF(ISERROR(_xlpm.x), 0, _xlpm.x)*AQ189/$AQ$130) -> 0 | BH189: 0 | BI189: =_xlfn.LET(_xlpm.x, _xlfn.XLOOKUP($Q189, $L$131:$N$131, $L189:$N189), IF(ISERROR(_xlpm.x), 0, _xlpm.x)*AR189/$AQ$130) -> 0 | BJ189: 0 | BK189: =_xlfn.LET(_xlpm.x, _xlfn.XLOOKUP($Q189, $L$131:$N$131, $L189:$N189), IF(ISERROR(_xlpm.x), 0, _xlpm.x)*AS189/$AQ$130) -> 0 | BL189: 0 | BM189: =_xlfn.LET(_xlpm.x, _xlfn.XLOOKUP($Q189, $L$131:$N$131, $L189:$N189), IF(ISERROR(_xlpm.x), 0, _xlpm.x)*AT189/$AQ$130) -> 0 | BN189: 0 | BP189: 0 | BQ189: 0
I190: 0 | J190: #DIV/0! | L190: #DIV/0! | M190: #DIV/0! | P190: ="("&$A190&", "&$B190&"]" -> (, ] | Q190: D | R190: =_xlfn.XLOOKUP(Q190, $I$131:$K$131, I190:K190) -> 0 | S190: 0 | T190: 0 | U190: 0 | V190: 0 | W190: 0 | X190: 0 | Y190: 0 | Z190: 0 | AA190: 0 | AB190: 0 | AC190: 0 | AD190: 0 | AE190: 0 | AF190: 0 | AG190: 0 | AH190: 0 | AI190: 0 | AJ190: 0 | AK190: 0 | AL190: 0 | AM190: 0 | AN190: 0 | AO190: 0 | AP190: 0 | AQ190: =INT(AI190*$AQ$65) -> 0 | AR190: =INT(AJ190*$AQ$65) -> 0 | AS190: =INT(AK190*$AQ$65) -> 0 | AT190: =INT(AL190*$AQ$65) -> 0 | AU190: =INT(AM190*$AQ$65) -> 0 | AV190: =INT(AN190*$AQ$65) -> 0 | AW190: =INT(AO190*$AQ$65) -> 0 | AX190: =INT(AP190*$AQ$65) -> 0 | AY190: =_xlfn.LET(_xlpm.x, _xlfn.XLOOKUP($Q190, $L$131:$N$131, $L190:$N190), IF(ISERROR(_xlpm.x), 0, _xlpm.x)*AQ190/$AQ$130) -> 0 | AZ190: 0 | BA190: =_xlfn.LET(_xlpm.x, _xlfn.XLOOKUP($Q190, $L$131:$N$131, $L190:$N190), IF(ISERROR(_xlpm.x), 0, _xlpm.x)*AR190/$AQ$130) -> 0 | BB190: 0 | BC190: =_xlfn.LET(_xlpm.x, _xlfn.XLOOKUP($Q190, $L$131:$N$131, $L190:$N190), IF(ISERROR(_xlpm.x), 0, _xlpm.x)*AS190/$AQ$130) -> 0 | BD190: 0 | BE190: =_xlfn.LET(_xlpm.x, _xlfn.XLOOKUP($Q190, $L$131:$N$131, $L190:$N190), IF(ISERROR(_xlpm.x), 0, _xlpm.x)*AT190/$AQ$130) -> 0 | BF190: 0 | BG190: =_xlfn.LET(_xlpm.x, _xlfn.XLOOKUP($Q190, $L$131:$N$131, $L190:$N190), IF(ISERROR(_xlpm.x), 0, _xlpm.x)*AQ190/$AQ$130) -> 0 | BH190: 0 | BI190: =_xlfn.LET(_xlpm.x, _xlfn.XLOOKUP($Q190, $L$131:$N$131, $L190:$N190), IF(ISERROR(_xlpm.x), 0, _xlpm.x)*AR190/$AQ$130) -> 0 | BJ190: 0 | BK190: =_xlfn.LET(_xlpm.x, _xlfn.XLOOKUP($Q190, $L$131:$N$131, $L190:$N190), IF(ISERROR(_xlpm.x), 0, _xlpm.x)*AS190/$AQ$130) -> 0 | BL190: 0 | BM190: =_xlfn.LET(_xlpm.x, _xlfn.XLOOKUP($Q190, $L$131:$N$131, $L190:$N190), IF(ISERROR(_xlpm.x), 0, _xlpm.x)*AT190/$AQ$130) -> 0 | BN190: 0 | BP190: 0 | BQ190: 0
AZ192: 新老手 | BB192: 老手 | BD192: 待啟用 | BF192: 待啟用 | BH192: 新老手 | BJ192: 老手 | BL192: 待啟用 | BN192: 待啟用
A193: Lower | B193: Upper | C193: Simulator Cnt | F193: Simulator Pay | I193: Simulator Rate | L193: Simulator RTP | P193: Range | Q193: Buy Super Feature | AI193: Threshold | AQ193: =10^9 -> 1000000000 | AY193: Buy Feature 1 RTP | AZ193: =SUM(AY195:AY253) -> 925.01608 | BA193: Buy Feature 2 RTP | BB193: =SUM(BA195:BA253) -> 98.982055 | BC193: Buy Feature 3 RTP | BD193: =SUM(BC195:BC253) -> 90.074776 | BE193: Buy Feature 4 RTP | BF193: =SUM(BE195:BE253) -> 90.074776 | BG193: Buy Feature 1 RTP | BH193: =SUM(AY195:AY253) -> 925.01608 | BI193: Buy Feature 2 RTP | BJ193: =SUM(BA195:BA253) -> 98.982055 | BK193: Buy Feature 3 RTP | BL193: =SUM(BC195:BC253) -> 90.074776 | BM193: Buy Feature 4 RTP | BN193: =SUM(BE195:BE253) -> 90.074776 | BQ193: 新老手
C194: G | D194: H | E194: I | F194: G | G194: H | H194: I | I194: G | J194: H | K194: I | L194: G | M194: H | N194: I | Q194: 使用的表 | R194: Rate | S194: Fix Num 1 | T194: Fix Num 2 | U194: Fix Num 3 | V194: Fix Num 4 | W194: Fix Num 5 | X194: Fix Num 6 | Y194: Fix Num 7 | Z194: Fix Num 8 | AA194: Fix Rate 1 | AB194: Fix Rate 2 | AC194: Fix Rate 3 | AD194: Fix Rate 4 | AE194: Fix Rate 5 | AF194: Fix Rate 6 | AG194: Fix Rate 7 | AH194: Fix Rate 8 | AI194: Final Rate 1 | AJ194: Final Rate 2 | AK194: Final Rate 3 | AL194: Final Rate 4 | AM194: Final Rate 5 | AN194: Final Rate 6 | AO194: Final Rate 7 | AP194: Final Rate 8 | AQ194: Weight 1 | AR194: Weight 2 | AS194: Weight 3 | AT194: Weight 4 | AU194: Weight 5 | AV194: Weight 6 | AW194: Weight 7 | AX194: Weight 8 | AY194: Simulator RTP | AZ194: Hit Rate | BA194: Simulator RTP | BB194: Hit Rate | BC194: Simulator RTP | BD194: Hit Rate | BE194: Simulator RTP | BF194: Hit Rate | BG194: Simulator RTP | BH194: Hit Rate | BI194: Simulator RTP | BJ194: Hit Rate | BK194: Simulator RTP | BL194: Hit Rate | BM194: Simulator RTP | BN194: Hit Rate | BP194: Sugar Rush (Super) | BQ194: 調性1 | CY194: 14 | CZ194: 12 | DA194: 8 | DB194: 10 | DC194: 5 | DD194: 12 | DE194: 10 | DF194: 8 | DG194: 14 | DH194: 3 | DI194: 9 | DJ194: 6 | DK194: 1 | DL194: 4 | DM194: 4 | DN194: 28 | DO194: 10 | DP194: 2 | DQ194: 3 | DR194: 0 | DS194: 0 | DT194: 0 | DU194: 2
A195: -1 | B195: 0 | C195: 1081 | F195: 0 | I195: {=_xlfn.LET(_xlpm.x, C195:C253, _xlpm.x/SUM(_xlpm.x))} -> 0.0001081 | J195: {=_xlfn.LET(_xlpm.x, D195:D253, _xlpm.x/SUM(_xlpm.x))} -> #DIV/0! | L195: {=F195:F253/C195:C253/Overview!$A$5/5} -> 0 | M195: {=G195:G253/D195:D253/Overview!$A$5/5} -> #DIV/0! | P195: ="("&$A195&", "&$B195&"]" -> (-1, 0] | Q195: G | R195: =_xlfn.XLOOKUP(Q195, $I$194:$K$194, I195:K195) -> 0.0001081 | S195: 0 | T195: 0 | U195: 0 | V195: 0 | W195: 0 | X195: 0 | Y195: 0 | Z195: 0 | AA195: {=$R195:$R253*S195:S253} -> 0 | AB195: {=$R195:$R253*T195:T253} -> 0 | AC195: {=$R195:$R253*U195:U253} -> 0 | AD195: {=$R195:$R253*V195:V253} -> 0 | AE195: {=$R195:$R253*W195:W253} -> 0 | AF195: {=$R195:$R253*X195:X253} -> 0 | AG195: {=$R195:$R253*Y195:Y253} -> 0 | AH195: {=$R195:$R253*Z195:Z253} -> 0 | AI195: {=_xlfn.LET(_xlpm.x,_xlfn.ANCHORARRAY( AA195), _xlpm.x/SUM(_xlpm.x))} -> 0 | AJ195: {=_xlfn.LET(_xlpm.x,_xlfn.ANCHORARRAY( AB195), _xlpm.x/SUM(_xlpm.x))} -> 0 | AK195: {=_xlfn.LET(_xlpm.x,_xlfn.ANCHORARRAY( AC195), _xlpm.x/SUM(_xlpm.x))} -> 0 | AL195: {=_xlfn.LET(_xlpm.x,_xlfn.ANCHORARRAY( AD195), _xlpm.x/SUM(_xlpm.x))} -> 0 | AM195: {=_xlfn.LET(_xlpm.x,_xlfn.ANCHORARRAY( AE195), _xlpm.x/SUM(_xlpm.x))} -> 0 | AN195: {=_xlfn.LET(_xlpm.x,_xlfn.ANCHORARRAY( AF195), _xlpm.x/SUM(_xlpm.x))} -> 0 | AO195: {=_xlfn.LET(_xlpm.x,_xlfn.ANCHORARRAY( AG195), _xlpm.x/SUM(_xlpm.x))} -> 0 | AP195: {=_xlfn.LET(_xlpm.x,_xlfn.ANCHORARRAY( AH195), _xlpm.x/SUM(_xlpm.x))} -> 0 | AQ195: =INT(AI195*$AQ$65) -> 0 | AR195: =INT(AJ195*$AQ$65) -> 0 | AS195: =INT(AK195*$AQ$65) -> 0 | AT195: =INT(AL195*$AQ$65) -> 0 | AU195: =INT(AM195*$AQ$65) -> 0 | AV195: =INT(AN195*$AQ$65) -> 0 | AW195: =INT(AO195*$AQ$65) -> 0 | AX195: =INT(AP195*$AQ$65) -> 0 | AY195: =_xlfn.LET(_xlpm.x, _xlfn.XLOOKUP($Q195, $L$194:$N$194, $L195:$N195), IF(ISERROR(_xlpm.x), 0, _xlpm.x)*AQ195/$AQ$193) -> 0 | AZ195: {=_xlfn.LET(_xlpm.x, AQ195:AQ253, _xlpm.x/SUM(_xlpm.x))} -> 0 | BA195: =_xlfn.LET(_xlpm.x, _xlfn.XLOOKUP($Q195, $L$194:$N$194, $L195:$N195), IF(ISERROR(_xlpm.x), 0, _xlpm.x)*AR195/$AQ$193) -> 0 | BB195: {=_xlfn.LET(_xlpm.x, AR195:AR253, _xlpm.x/SUM(_xlpm.x))} -> 0 | BC195: =_xlfn.LET(_xlpm.x, _xlfn.XLOOKUP($Q195, $L$194:$N$194, $L195:$N195), IF(ISERROR(_xlpm.x), 0, _xlpm.x)*AS195/$AQ$193) -> 0 | BD195: {=_xlfn.LET(_xlpm.x, AS195:AS253, _xlpm.x/SUM(_xlpm.x))} -> 0 | BE195: =_xlfn.LET(_xlpm.x, _xlfn.XLOOKUP($Q195, $L$194:$N$194, $L195:$N195), IF(ISERROR(_xlpm.x), 0, _xlpm.x)*AT195/$AQ$193) -> 0 | BF195: {=_xlfn.LET(_xlpm.x, AT195:AT253, _xlpm.x/SUM(_xlpm.x))} -> 0 | BG195: =_xlfn.LET(_xlpm.x, _xlfn.XLOOKUP($Q195, $L$194:$N$194, $L195:$N195), IF(ISERROR(_xlpm.x), 0, _xlpm.x)*AQ195/$AQ$193) -> 0 | BH195: {=_xlfn.LET(_xlpm.x, AQ195:AQ253, _xlpm.x/SUM(_xlpm.x))} -> 0 | BI195: =_xlfn.LET(_xlpm.x, _xlfn.XLOOKUP($Q195, $L$194:$N$194, $L195:$N195), IF(ISERROR(_xlpm.x), 0, _xlpm.x)*AR195/$AQ$193) -> 0 | BJ195: {=_xlfn.LET(_xlpm.x, AR195:AR253, _xlpm.x/SUM(_xlpm.x))} -> 0 | BK195: =_xlfn.LET(_xlpm.x, _xlfn.XLOOKUP($Q195, $L$194:$N$194, $L195:$N195), IF(ISERROR(_xlpm.x), 0, _xlpm.x)*AS195/$AQ$193) -> 0 | BL195: {=_xlfn.LET(_xlpm.x, AS195:AS253, _xlpm.x/SUM(_xlpm.x))} -> 0 | BM195: =_xlfn.LET(_xlpm.x, _xlfn.XLOOKUP($Q195, $L$194:$N$194, $L195:$N195), IF(ISERROR(_xlpm.x), 0, _xlpm.x)*AT195/$AQ$193) -> 0 | BN195: {=_xlfn.LET(_xlpm.x, AT195:AT253, _xlpm.x/SUM(_xlpm.x))} -> 0 | BP195: 0 | BQ195: {=AZ195:AZ246} -> 0
A196: 0 | B196: 1 | C196: 0 | F196: 0 | I196: 0 | J196: #DIV/0! | L196: #DIV/0! | M196: #DIV/0! | P196: ="("&$A196&", "&$B196&"]" -> (0, 1] | Q196: G | R196: =_xlfn.XLOOKUP(Q196, $I$194:$K$194, I196:K196) -> 0 | S196: 0 | T196: 0 | U196: 0 | V196: 0 | W196: 0 | X196: 0 | Y196: 0 | Z196: 0 | AA196: 0 | AB196: 0 | AC196: 0 | AD196: 0 | AE196: 0 | AF196: 0 | AG196: 0 | AH196: 0 | AI196: 0 | AJ196: 0 | AK196: 0 | AL196: 0 | AM196: 0 | AN196: 0 | AO196: 0 | AP196: 0 | AQ196: =INT(AI196*$AQ$65) -> 0 | AR196: =INT(AJ196*$AQ$65) -> 0 | AS196: =INT(AK196*$AQ$65) -> 0 | AT196: =INT(AL196*$AQ$65) -> 0 | AU196: =INT(AM196*$AQ$65) -> 0 | AV196: =INT(AN196*$AQ$65) -> 0 | AW196: =INT(AO196*$AQ$65) -> 0 | AX196: =INT(AP196*$AQ$65) -> 0 | AY196: =_xlfn.LET(_xlpm.x, _xlfn.XLOOKUP($Q196, $L$194:$N$194, $L196:$N196), IF(ISERROR(_xlpm.x), 0, _xlpm.x)*AQ196/$AQ$193) -> 0 | AZ196: 0 | BA196: =_xlfn.LET(_xlpm.x, _xlfn.XLOOKUP($Q196, $L$194:$N$194, $L196:$N196), IF(ISERROR(_xlpm.x), 0, _xlpm.x)*AR196/$AQ$193) -> 0 | BB196: 0 | BC196: =_xlfn.LET(_xlpm.x, _xlfn.XLOOKUP($Q196, $L$194:$N$194, $L196:$N196), IF(ISERROR(_xlpm.x), 0, _xlpm.x)*AS196/$AQ$193) -> 0 | BD196: 0 | BE196: =_xlfn.LET(_xlpm.x, _xlfn.XLOOKUP($Q196, $L$194:$N$194, $L196:$N196), IF(ISERROR(_xlpm.x), 0, _xlpm.x)*AT196/$AQ$193) -> 0 | BF196: 0 | BG196: =_xlfn.LET(_xlpm.x, _xlfn.XLOOKUP($Q196, $L$194:$N$194, $L196:$N196), IF(ISERROR(_xlpm.x), 0, _xlpm.x)*AQ196/$AQ$193) -> 0 | BH196: 0 | BI196: =_xlfn.LET(_xlpm.x, _xlfn.XLOOKUP($Q196, $L$194:$N$194, $L196:$N196), IF(ISERROR(_xlpm.x), 0, _xlpm.x)*AR196/$AQ$193) -> 0 | BJ196: 0 | BK196: =_xlfn.LET(_xlpm.x, _xlfn.XLOOKUP($Q196, $L$194:$N$194, $L196:$N196), IF(ISERROR(_xlpm.x), 0, _xlpm.x)*AS196/$AQ$193) -> 0 | BL196: 0 | BM196: =_xlfn.LET(_xlpm.x, _xlfn.XLOOKUP($Q196, $L$194:$N$194, $L196:$N196), IF(ISERROR(_xlpm.x), 0, _xlpm.x)*AT196/$AQ$193) -> 0 | BN196: 0 | BP196: 0 | BQ196: 0
A197: 1 | B197: 2 | C197: 409 | F197: 409000 | I197: 4.09e-05 | J197: #DIV/0! | L197: 4 | M197: #DIV/0! | P197: ="("&$A197&", "&$B197&"]" -> (1, 2] | Q197: G | R197: =_xlfn.XLOOKUP(Q197, $I$194:$K$194, I197:K197) -> 4.09e-05 | S197: 0 | T197: 0 | U197: 0 | V197: 0 | W197: 0 | X197: 0 | Y197: 0 | Z197: 0 | AA197: 0 | AB197: 0 | AC197: 0 | AD197: 0 | AE197: 0 | AF197: 0 | AG197: 0 | AH197: 0 | AI197: 0 | AJ197: 0 | AK197: 0 | AL197: 0 | AM197: 0 | AN197: 0 | AO197: 0 | AP197: 0 | AQ197: =INT(AI197*$AQ$65) -> 0 | AR197: =INT(AJ197*$AQ$65) -> 0 | AS197: =INT(AK197*$AQ$65) -> 0 | AT197: =INT(AL197*$AQ$65) -> 0 | AU197: =INT(AM197*$AQ$65) -> 0 | AV197: =INT(AN197*$AQ$65) -> 0 | AW197: =INT(AO197*$AQ$65) -> 0 | AX197: =INT(AP197*$AQ$65) -> 0 | AY197: =_xlfn.LET(_xlpm.x, _xlfn.XLOOKUP($Q197, $L$194:$N$194, $L197:$N197), IF(ISERROR(_xlpm.x), 0, _xlpm.x)*AQ197/$AQ$193) -> 0 | AZ197: 0 | BA197: =_xlfn.LET(_xlpm.x, _xlfn.XLOOKUP($Q197, $L$194:$N$194, $L197:$N197), IF(ISERROR(_xlpm.x), 0, _xlpm.x)*AR197/$AQ$193) -> 0 | BB197: 0 | BC197: =_xlfn.LET(_xlpm.x, _xlfn.XLOOKUP($Q197, $L$194:$N$194, $L197:$N197), IF(ISERROR(_xlpm.x), 0, _xlpm.x)*AS197/$AQ$193) -> 0 | BD197: 0 | BE197: =_xlfn.LET(_xlpm.x, _xlfn.XLOOKUP($Q197, $L$194:$N$194, $L197:$N197), IF(ISERROR(_xlpm.x), 0, _xlpm.x)*AT197/$AQ$193) -> 0 | BF197: 0 | BG197: =_xlfn.LET(_xlpm.x, _xlfn.XLOOKUP($Q197, $L$194:$N$194, $L197:$N197), IF(ISERROR(_xlpm.x), 0, _xlpm.x)*AQ197/$AQ$193) -> 0 | BH197: 0 | BI197: =_xlfn.LET(_xlpm.x, _xlfn.XLOOKUP($Q197, $L$194:$N$194, $L197:$N197), IF(ISERROR(_xlpm.x), 0, _xlpm.x)*AR197/$AQ$193) -> 0 | BJ197: 0 | BK197: =_xlfn.LET(_xlpm.x, _xlfn.XLOOKUP($Q197, $L$194:$N$194, $L197:$N197), IF(ISERROR(_xlpm.x), 0, _xlpm.x)*AS197/$AQ$193) -> 0 | BL197: 0 | BM197: =_xlfn.LET(_xlpm.x, _xlfn.XLOOKUP($Q197, $L$194:$N$194, $L197:$N197), IF(ISERROR(_xlpm.x), 0, _xlpm.x)*AT197/$AQ$193) -> 0 | BN197: 0 | BP197: 0 | BQ197: 0
A198: 2 | B198: 3 | C198: 1067 | F198: 1495500 | I198: 0.0001067 | J198: #DIV/0! | L198: 5.606373 | M198: #DIV/0! | P198: ="("&$A198&", "&$B198&"]" -> (2, 3] | Q198: G | R198: =_xlfn.XLOOKUP(Q198, $I$194:$K$194, I198:K198) -> 0.0001067 | S198: 0 | T198: 0 | U198: 0 | V198: 0 | W198: 0 | X198: 0 | Y198: 0 | Z198: 0 | AA198: 0 | AB198: 0 | AC198: 0 | AD198: 0 | AE198: 0 | AF198: 0 | AG198: 0 | AH198: 0 | AI198: 0 | AJ198: 0 | AK198: 0 | AL198: 0 | AM198: 0 | AN198: 0 | AO198: 0 | AP198: 0 | AQ198: =INT(AI198*$AQ$65) -> 0 | AR198: =INT(AJ198*$AQ$65) -> 0 | AS198: =INT(AK198*$AQ$65) -> 0 | AT198: =INT(AL198*$AQ$65) -> 0 | AU198: =INT(AM198*$AQ$65) -> 0 | AV198: =INT(AN198*$AQ$65) -> 0 | AW198: =INT(AO198*$AQ$65) -> 0 | AX198: =INT(AP198*$AQ$65) -> 0 | AY198: =_xlfn.LET(_xlpm.x, _xlfn.XLOOKUP($Q198, $L$194:$N$194, $L198:$N198), IF(ISERROR(_xlpm.x), 0, _xlpm.x)*AQ198/$AQ$193) -> 0 | AZ198: 0 | BA198: =_xlfn.LET(_xlpm.x, _xlfn.XLOOKUP($Q198, $L$194:$N$194, $L198:$N198), IF(ISERROR(_xlpm.x), 0, _xlpm.x)*AR198/$AQ$193) -> 0 | BB198: 0 | BC198: =_xlfn.LET(_xlpm.x, _xlfn.XLOOKUP($Q198, $L$194:$N$194, $L198:$N198), IF(ISERROR(_xlpm.x), 0, _xlpm.x)*AS198/$AQ$193) -> 0 | BD198: 0 | BE198: =_xlfn.LET(_xlpm.x, _xlfn.XLOOKUP($Q198, $L$194:$N$194, $L198:$N198), IF(ISERROR(_xlpm.x), 0, _xlpm.x)*AT198/$AQ$193) -> 0 | BF198: 0 | BG198: =_xlfn.LET(_xlpm.x, _xlfn.XLOOKUP($Q198, $L$194:$N$194, $L198:$N198), IF(ISERROR(_xlpm.x), 0, _xlpm.x)*AQ198/$AQ$193) -> 0 | BH198: 0 | BI198: =_xlfn.LET(_xlpm.x, _xlfn.XLOOKUP($Q198, $L$194:$N$194, $L198:$N198), IF(ISERROR(_xlpm.x), 0, _xlpm.x)*AR198/$AQ$193) -> 0 | BJ198: 0 | BK198: =_xlfn.LET(_xlpm.x, _xlfn.XLOOKUP($Q198, $L$194:$N$194, $L198:$N198), IF(ISERROR(_xlpm.x), 0, _xlpm.x)*AS198/$AQ$193) -> 0 | BL198: 0 | BM198: =_xlfn.LET(_xlpm.x, _xlfn.XLOOKUP($Q198, $L$194:$N$194, $L198:$N198), IF(ISERROR(_xlpm.x), 0, _xlpm.x)*AT198/$AQ$193) -> 0 | BN198: 0 | BP198: 0 | BQ198: 0
A199: 3 | B199: 4 | C199: 714 | F199: 1392600 | I199: 7.14e-05 | J199: #DIV/0! | L199: 7.8016807 | M199: #DIV/0! | P199: ="("&$A199&", "&$B199&"]" -> (3, 4] | Q199: G | R199: =_xlfn.XLOOKUP(Q199, $I$194:$K$194, I199:K199) -> 7.14e-05 | S199: 0 | T199: 0 | U199: 0 | V199: 0 | W199: 0 | X199: 0 | Y199: 0 | Z199: 0 | AA199: 0 | AB199: 0 | AC199: 0 | AD199: 0 | AE199: 0 | AF199: 0 | AG199: 0 | AH199: 0 | AI199: 0 | AJ199: 0 | AK199: 0 | AL199: 0 | AM199: 0 | AN199: 0 | AO199: 0 | AP199: 0 | AQ199: =INT(AI199*$AQ$65) -> 0 | AR199: =INT(AJ199*$AQ$65) -> 0 | AS199: =INT(AK199*$AQ$65) -> 0 | AT199: =INT(AL199*$AQ$65) -> 0 | AU199: =INT(AM199*$AQ$65) -> 0 | AV199: =INT(AN199*$AQ$65) -> 0 | AW199: =INT(AO199*$AQ$65) -> 0 | AX199: =INT(AP199*$AQ$65) -> 0 | AY199: =_xlfn.LET(_xlpm.x, _xlfn.XLOOKUP($Q199, $L$194:$N$194, $L199:$N199), IF(ISERROR(_xlpm.x), 0, _xlpm.x)*AQ199/$AQ$193) -> 0 | AZ199: 0 | BA199: =_xlfn.LET(_xlpm.x, _xlfn.XLOOKUP($Q199, $L$194:$N$194, $L199:$N199), IF(ISERROR(_xlpm.x), 0, _xlpm.x)*AR199/$AQ$193) -> 0 | BB199: 0 | BC199: =_xlfn.LET(_xlpm.x, _xlfn.XLOOKUP($Q199, $L$194:$N$194, $L199:$N199), IF(ISERROR(_xlpm.x), 0, _xlpm.x)*AS199/$AQ$193) -> 0 | BD199: 0 | BE199: =_xlfn.LET(_xlpm.x, _xlfn.XLOOKUP($Q199, $L$194:$N$194, $L199:$N199), IF(ISERROR(_xlpm.x), 0, _xlpm.x)*AT199/$AQ$193) -> 0 | BF199: 0 | BG199: =_xlfn.LET(_xlpm.x, _xlfn.XLOOKUP($Q199, $L$194:$N$194, $L199:$N199), IF(ISERROR(_xlpm.x), 0, _xlpm.x)*AQ199/$AQ$193) -> 0 | BH199: 0 | BI199: =_xlfn.LET(_xlpm.x, _xlfn.XLOOKUP($Q199, $L$194:$N$194, $L199:$N199), IF(ISERROR(_xlpm.x), 0, _xlpm.x)*AR199/$AQ$193) -> 0 | BJ199: 0 | BK199: =_xlfn.LET(_xlpm.x, _xlfn.XLOOKUP($Q199, $L$194:$N$194, $L199:$N199), IF(ISERROR(_xlpm.x), 0, _xlpm.x)*AS199/$AQ$193) -> 0 | BL199: 0 | BM199: =_xlfn.LET(_xlpm.x, _xlfn.XLOOKUP($Q199, $L$194:$N$194, $L199:$N199), IF(ISERROR(_xlpm.x), 0, _xlpm.x)*AT199/$AQ$193) -> 0 | BN199: 0 | BP199: 0 | BQ199: 0
A200: 4 | B200: 5 | C200: 1169 | F200: 2835150 | I200: 0.0001169 | J200: #DIV/0! | L200: 9.7011121 | M200: #DIV/0! | P200: ="("&$A200&", "&$B200&"]" -> (4, 5] | Q200: G | R200: =_xlfn.XLOOKUP(Q200, $I$194:$K$194, I200:K200) -> 0.0001169 | S200: 0 | T200: 0.003 | U200: 0 | V200: 0 | W200: 0 | X200: 0.003 | Y200: 0 | Z200: 0 | AA200: 0 | AB200: 3.507e-07 | AC200: 0 | AD200: 0 | AE200: 0 | AF200: 3.507e-07 | AG200: 0 | AH200: 0 | AI200: 0 | AJ200: 1.2068457e-05 | AK200: 0 | AL200: 0 | AM200: 0 | AN200: 1.2068457e-05 | AO200: 0 | AP200: 0 | AQ200: =INT(AI200*$AQ$65) -> 0 | AR200: =INT(AJ200*$AQ$65) -> 12068 | AS200: =INT(AK200*$AQ$65) -> 0 | AT200: =INT(AL200*$AQ$65) -> 0 | AU200: =INT(AM200*$AQ$65) -> 0 | AV200: =INT(AN200*$AQ$65) -> 12068 | AW200: =INT(AO200*$AQ$65) -> 0 | AX200: =INT(AP200*$AQ$65) -> 0 | AY200: =_xlfn.LET(_xlpm.x, _xlfn.XLOOKUP($Q200, $L$194:$N$194, $L200:$N200), IF(ISERROR(_xlpm.x), 0, _xlpm.x)*AQ200/$AQ$193) -> 0 | AZ200: 0 | BA200: =_xlfn.LET(_xlpm.x, _xlfn.XLOOKUP($Q200, $L$194:$N$194, $L200:$N200), IF(ISERROR(_xlpm.x), 0, _xlpm.x)*AR200/$AQ$193) -> 0.00011707302 | BB200: 1.2068e-05 | BC200: =_xlfn.LET(_xlpm.x, _xlfn.XLOOKUP($Q200, $L$194:$N$194, $L200:$N200), IF(ISERROR(_xlpm.x), 0, _xlpm.x)*AS200/$AQ$193) -> 0 | BD200: 0 | BE200: =_xlfn.LET(_xlpm.x, _xlfn.XLOOKUP($Q200, $L$194:$N$194, $L200:$N200), IF(ISERROR(_xlpm.x), 0, _xlpm.x)*AT200/$AQ$193) -> 0 | BF200: 0 | BG200: =_xlfn.LET(_xlpm.x, _xlfn.XLOOKUP($Q200, $L$194:$N$194, $L200:$N200), IF(ISERROR(_xlpm.x), 0, _xlpm.x)*AQ200/$AQ$193) -> 0 | BH200: 0 | BI200: =_xlfn.LET(_xlpm.x, _xlfn.XLOOKUP($Q200, $L$194:$N$194, $L200:$N200), IF(ISERROR(_xlpm.x), 0, _xlpm.x)*AR200/$AQ$193) -> 0.00011707302 | BJ200: 1.2068e-05 | BK200: =_xlfn.LET(_xlpm.x, _xlfn.XLOOKUP($Q200, $L$194:$N$194, $L200:$N200), IF(ISERROR(_xlpm.x), 0, _xlpm.x)*AS200/$AQ$193) -> 0 | BL200: 0 | BM200: =_xlfn.LET(_xlpm.x, _xlfn.XLOOKUP($Q200, $L$194:$N$194, $L200:$N200), IF(ISERROR(_xlpm.x), 0, _xlpm.x)*AT200/$AQ$193) -> 0 | BN200: 0 | BP200: 0 | BQ200: 0
A201: 5 | B201: 6 | C201: 1046 | F201: 3034900 | I201: 0.0001046 | J201: #DIV/0! | L201: 11.605736 | M201: #DIV/0! | P201: ="("&$A201&", "&$B201&"]" -> (5, 6] | Q201: G | R201: =_xlfn.XLOOKUP(Q201, $I$194:$K$194, I201:K201) -> 0.0001046 | S201: 0 | T201: 0.024 | U201: 0 | V201: 0 | W201: 0 | X201: 0.024 | Y201: 0 | Z201: 0 | AA201: 0 | AB201: 2.5104e-06 | AC201: 0 | AD201: 0 | AE201: 0 | AF201: 2.5104e-06 | AG201: 0 | AH201: 0 | AI201: 0 | AJ201: 8.6389094e-05 | AK201: 0 | AL201: 0 | AM201: 0 | AN201: 8.6389094e-05 | AO201: 0 | AP201: 0 | AQ201: =INT(AI201*$AQ$65) -> 0 | AR201: =INT(AJ201*$AQ$65) -> 86389 | AS201: =INT(AK201*$AQ$65) -> 0 | AT201: =INT(AL201*$AQ$65) -> 0 | AU201: =INT(AM201*$AQ$65) -> 0 | AV201: =INT(AN201*$AQ$65) -> 86389 | AW201: =INT(AO201*$AQ$65) -> 0 | AX201: =INT(AP201*$AQ$65) -> 0 | AY201: =_xlfn.LET(_xlpm.x, _xlfn.XLOOKUP($Q201, $L$194:$N$194, $L201:$N201), IF(ISERROR(_xlpm.x), 0, _xlpm.x)*AQ201/$AQ$193) -> 0 | AZ201: 0 | BA201: =_xlfn.LET(_xlpm.x, _xlfn.XLOOKUP($Q201, $L$194:$N$194, $L201:$N201), IF(ISERROR(_xlpm.x), 0, _xlpm.x)*AR201/$AQ$193) -> 0.0010026079 | BB201: 8.6389002e-05 | BC201: =_xlfn.LET(_xlpm.x, _xlfn.XLOOKUP($Q201, $L$194:$N$194, $L201:$N201), IF(ISERROR(_xlpm.x), 0, _xlpm.x)*AS201/$AQ$193) -> 0 | BD201: 0 | BE201: =_xlfn.LET(_xlpm.x, _xlfn.XLOOKUP($Q201, $L$194:$N$194, $L201:$N201), IF(ISERROR(_xlpm.x), 0, _xlpm.x)*AT201/$AQ$193) -> 0 | BF201: 0 | BG201: =_xlfn.LET(_xlpm.x, _xlfn.XLOOKUP($Q201, $L$194:$N$194, $L201:$N201), IF(ISERROR(_xlpm.x), 0, _xlpm.x)*AQ201/$AQ$193) -> 0 | BH201: 0 | BI201: =_xlfn.LET(_xlpm.x, _xlfn.XLOOKUP($Q201, $L$194:$N$194, $L201:$N201), IF(ISERROR(_xlpm.x), 0, _xlpm.x)*AR201/$AQ$193) -> 0.0010026079 | BJ201: 8.6389002e-05 | BK201: =_xlfn.LET(_xlpm.x, _xlfn.XLOOKUP($Q201, $L$194:$N$194, $L201:$N201), IF(ISERROR(_xlpm.x), 0, _xlpm.x)*AS201/$AQ$193) -> 0 | BL201: 0 | BM201: =_xlfn.LET(_xlpm.x, _xlfn.XLOOKUP($Q201, $L$194:$N$194, $L201:$N201), IF(ISERROR(_xlpm.x), 0, _xlpm.x)*AT201/$AQ$193) -> 0 | BN201: 0 | BP201: 0 | BQ201: 0
A202: 6 | B202: 7 | C202: 1254 | F202: 4216050 | I202: 0.0001254 | J202: #DIV/0! | L202: 13.448325 | M202: #DIV/0! | P202: ="("&$A202&", "&$B202&"]" -> (6, 7] | Q202: G | R202: =_xlfn.XLOOKUP(Q202, $I$194:$K$194, I202:K202) -> 0.0001254 | S202: 0 | T202: 0.0315 | U202: 0 | V202: 0 | W202: 0 | X202: 0.0315 | Y202: 0 | Z202: 0 | AA202: 0 | AB202: 3.9501e-06 | AC202: 0 | AD202: 0 | AE202: 0 | AF202: 3.9501e-06 | AG202: 0 | AH202: 0 | AI202: 0 | AJ202: 0.00013593274 | AK202: 0 | AL202: 0 | AM202: 0 | AN202: 0.00013593274 | AO202: 0 | AP202: 0 | AQ202: =INT(AI202*$AQ$65) -> 0 | AR202: =INT(AJ202*$AQ$65) -> 135932 | AS202: =INT(AK202*$AQ$65) -> 0 | AT202: =INT(AL202*$AQ$65) -> 0 | AU202: =INT(AM202*$AQ$65) -> 0 | AV202: =INT(AN202*$AQ$65) -> 135932 | AW202: =INT(AO202*$AQ$65) -> 0 | AX202: =INT(AP202*$AQ$65) -> 0 | AY202: =_xlfn.LET(_xlpm.x, _xlfn.XLOOKUP($Q202, $L$194:$N$194, $L202:$N202), IF(ISERROR(_xlpm.x), 0, _xlpm.x)*AQ202/$AQ$193) -> 0 | AZ202: 0 | BA202: =_xlfn.LET(_xlpm.x, _xlfn.XLOOKUP($Q202, $L$194:$N$194, $L202:$N202), IF(ISERROR(_xlpm.x), 0, _xlpm.x)*AR202/$AQ$193) -> 0.0018280578 | BB202: 0.000135932 | BC202: =_xlfn.LET(_xlpm.x, _xlfn.XLOOKUP($Q202, $L$194:$N$194, $L202:$N202), IF(ISERROR(_xlpm.x), 0, _xlpm.x)*AS202/$AQ$193) -> 0 | BD202: 0 | BE202: =_xlfn.LET(_xlpm.x, _xlfn.XLOOKUP($Q202, $L$194:$N$194, $L202:$N202), IF(ISERROR(_xlpm.x), 0, _xlpm.x)*AT202/$AQ$193) -> 0 | BF202: 0 | BG202: =_xlfn.LET(_xlpm.x, _xlfn.XLOOKUP($Q202, $L$194:$N$194, $L202:$N202), IF(ISERROR(_xlpm.x), 0, _xlpm.x)*AQ202/$AQ$193) -> 0 | BH202: 0 | BI202: =_xlfn.LET(_xlpm.x, _xlfn.XLOOKUP($Q202, $L$194:$N$194, $L202:$N202), IF(ISERROR(_xlpm.x), 0, _xlpm.x)*AR202/$AQ$193) -> 0.0018280578 | BJ202: 0.000135932 | BK202: =_xlfn.LET(_xlpm.x, _xlfn.XLOOKUP($Q202, $L$194:$N$194, $L202:$N202), IF(ISERROR(_xlpm.x), 0, _xlpm.x)*AS202/$AQ$193) -> 0 | BL202: 0 | BM202: =_xlfn.LET(_xlpm.x, _xlfn.XLOOKUP($Q202, $L$194:$N$194, $L202:$N202), IF(ISERROR(_xlpm.x), 0, _xlpm.x)*AT202/$AQ$193) -> 0 | BN202: 0 | BP202: 0 | BQ202: 0
A203: 7 | B203: 8 | C203: 1716 | F203: 6593500 | I203: 0.0001716 | J203: #DIV/0! | L203: 15.369464 | M203: #DIV/0! | P203: ="("&$A203&", "&$B203&"]" -> (7, 8] | Q203: G | R203: =_xlfn.XLOOKUP(Q203, $I$194:$K$194, I203:K203) -> 0.0001716 | S203: 0 | T203: 0.038 | U203: 0.1 | V203: 0.1 | W203: 0 | X203: 0.038 | Y203: 0.1 | Z203: 0.1 | AA203: 0 | AB203: 6.5208e-06 | AC203: 1.716e-05 | AD203: 1.716e-05 | AE203: 0 | AF203: 6.5208e-06 | AG203: 1.716e-05 | AH203: 1.716e-05 | AI203: 0 | AJ203: 0.00022439691 | AK203: 0.00013913617 | AL203: 0.00013913617 | AM203: 0 | AN203: 0.00022439691 | AO203: 0.00013913617 | AP203: 0.00013913617 | AQ203: =INT(AI203*$AQ$65) -> 0 | AR203: =INT(AJ203*$AQ$65) -> 224396 | AS203: =INT(AK203*$AQ$65) -> 139136 | AT203: =INT(AL203*$AQ$65) -> 139136 | AU203: =INT(AM203*$AQ$65) -> 0 | AV203: =INT(AN203*$AQ$65) -> 224396 | AW203: =INT(AO203*$AQ$65) -> 139136 | AX203: =INT(AP203*$AQ$65) -> 139136 | AY203: =_xlfn.LET(_xlpm.x, _xlfn.XLOOKUP($Q203, $L$194:$N$194, $L203:$N203), IF(ISERROR(_xlpm.x), 0, _xlpm.x)*AQ203/$AQ$193) -> 0 | AZ203: 0 | BA203: =_xlfn.LET(_xlpm.x, _xlfn.XLOOKUP($Q203, $L$194:$N$194, $L203:$N203), IF(ISERROR(_xlpm.x), 0, _xlpm.x)*AR203/$AQ$193) -> 0.0034488462 | BB203: 0.000224396 | BC203: =_xlfn.LET(_xlpm.x, _xlfn.XLOOKUP($Q203, $L$194:$N$194, $L203:$N203), IF(ISERROR(_xlpm.x), 0, _xlpm.x)*AS203/$AQ$193) -> 0.0021384457 | BD203: 0.000139136 | BE203: =_xlfn.LET(_xlpm.x, _xlfn.XLOOKUP($Q203, $L$194:$N$194, $L203:$N203), IF(ISERROR(_xlpm.x), 0, _xlpm.x)*AT203/$AQ$193) -> 0.0021384457 | BF203: 0.000139136 | BG203: =_xlfn.LET(_xlpm.x, _xlfn.XLOOKUP($Q203, $L$194:$N$194, $L203:$N203), IF(ISERROR(_xlpm.x), 0, _xlpm.x)*AQ203/$AQ$193) -> 0 | BH203: 0 | BI203: =_xlfn.LET(_xlpm.x, _xlfn.XLOOKUP($Q203, $L$194:$N$194, $L203:$N203), IF(ISERROR(_xlpm.x), 0, _xlpm.x)*AR203/$AQ$193) -> 0.0034488462 | BJ203: 0.000224396 | BK203: =_xlfn.LET(_xlpm.x, _xlfn.XLOOKUP($Q203, $L$194:$N$194, $L203:$N203), IF(ISERROR(_xlpm.x), 0, _xlpm.x)*AS203/$AQ$193) -> 0.0021384457 | BL203: 0.000139136 | BM203: =_xlfn.LET(_xlpm.x, _xlfn.XLOOKUP($Q203, $L$194:$N$194, $L203:$N203), IF(ISERROR(_xlpm.x), 0, _xlpm.x)*AT203/$AQ$193) -> 0.0021384457 | BN203: 0.000139136 | BP203: 0 | BQ203: 0
A204: 8 | B204: 9 | C204: 1711 | F204: 7477650 | I204: 0.0001711 | J204: #DIV/0! | L204: 17.481356 | M204: #DIV/0! | P204: ="("&$A204&", "&$B204&"]" -> (8, 9] | Q204: G | R204: =_xlfn.XLOOKUP(Q204, $I$194:$K$194, I204:K204) -> 0.0001711 | S204: 0 | T204: 0.0425 | U204: 0.2 | V204: 0.2 | W204: 0 | X204: 0.0425 | Y204: 0.2 | Z204: 0.2 | AA204: 0 | AB204: 7.27175e-06 | AC204: 3.422e-05 | AD204: 3.422e-05 | AE204: 0 | AF204: 7.27175e-06 | AG204: 3.422e-05 | AH204: 3.422e-05 | AI204: 0 | AJ204: 0.00025023896 | AK204: 0.00027746151 | AL204: 0.00027746151 | AM204: 0 | AN204: 0.00025023896 | AO204: 0.00027746151 | AP204: 0.00027746151 | AQ204: =INT(AI204*$AQ$65) -> 0 | AR204: =INT(AJ204*$AQ$65) -> 250238 | AS204: =INT(AK204*$AQ$65) -> 277461 | AT204: =INT(AL204*$AQ$65) -> 277461 | AU204: =INT(AM204*$AQ$65) -> 0 | AV204: =INT(AN204*$AQ$65) -> 250238 | AW204: =INT(AO204*$AQ$65) -> 277461 | AX204: =INT(AP204*$AQ$65) -> 277461 | AY204: =_xlfn.LET(_xlpm.x, _xlfn.XLOOKUP($Q204, $L$194:$N$194, $L204:$N204), IF(ISERROR(_xlpm.x), 0, _xlpm.x)*AQ204/$AQ$193) -> 0 | AZ204: 0 | BA204: =_xlfn.LET(_xlpm.x, _xlfn.XLOOKUP($Q204, $L$194:$N$194, $L204:$N204), IF(ISERROR(_xlpm.x), 0, _xlpm.x)*AR204/$AQ$193) -> 0.0043744995 | BB204: 0.000250238 | BC204: =_xlfn.LET(_xlpm.x, _xlfn.XLOOKUP($Q204, $L$194:$N$194, $L204:$N204), IF(ISERROR(_xlpm.x), 0, _xlpm.x)*AS204/$AQ$193) -> 0.0048503945 | BD204: 0.000277461 | BE204: =_xlfn.LET(_xlpm.x, _xlfn.XLOOKUP($Q204, $L$194:$N$194, $L204:$N204), IF(ISERROR(_xlpm.x), 0, _xlpm.x)*AT204/$AQ$193) -> 0.0048503945 | BF204: 0.000277461 | BG204: =_xlfn.LET(_xlpm.x, _xlfn.XLOOKUP($Q204, $L$194:$N$194, $L204:$N204), IF(ISERROR(_xlpm.x), 0, _xlpm.x)*AQ204/$AQ$193) -> 0 | BH204: 0 | BI204: =_xlfn.LET(_xlpm.x, _xlfn.XLOOKUP($Q204, $L$194:$N$194, $L204:$N204), IF(ISERROR(_xlpm.x), 0, _xlpm.x)*AR204/$AQ$193) -> 0.0043744995 | BJ204: 0.000250238 | BK204: =_xlfn.LET(_xlpm.x, _xlfn.XLOOKUP($Q204, $L$194:$N$194, $L204:$N204), IF(ISERROR(_xlpm.x), 0, _xlpm.x)*AS204/$AQ$193) -> 0.0048503945 | BL204: 0.000277461 | BM204: =_xlfn.LET(_xlpm.x, _xlfn.XLOOKUP($Q204, $L$194:$N$194, $L204:$N204), IF(ISERROR(_xlpm.x), 0, _xlpm.x)*AT204/$AQ$193) -> 0.0048503945 | BN204: 0.000277461 | BP204: 0 | BQ204: 0
A205: 9 | B205: 10 | C205: 2184 | F205: 10641650 | I205: 0.0002184 | J205: #DIV/0! | L205: 19.490201 | M205: #DIV/0! | P205: ="("&$A205&", "&$B205&"]" -> (9, 10] | Q205: G | R205: =_xlfn.XLOOKUP(Q205, $I$194:$K$194, I205:K205) -> 0.0002184 | S205: 0 | T205: 0.0515 | U205: 0.3 | V205: 0.3 | W205: 0 | X205: 0.0515 | Y205: 0.3 | Z205: 0.3 | AA205: 0 | AB205: 1.12476e-05 | AC205: 6.552e-05 | AD205: 6.552e-05 | AE205: 0 | AF205: 1.12476e-05 | AG205: 6.552e-05 | AH205: 6.552e-05 | AI205: 0 | AJ205: 0.00038705783 | AK205: 0.00053124718 | AL205: 0.00053124718 | AM205: 0 | AN205: 0.00038705783 | AO205: 0.00053124718 | AP205: 0.00053124718 | AQ205: =INT(AI205*$AQ$65) -> 0 | AR205: =INT(AJ205*$AQ$65) -> 387057 | AS205: =INT(AK205*$AQ$65) -> 531247 | AT205: =INT(AL205*$AQ$65) -> 531247 | AU205: =INT(AM205*$AQ$65) -> 0 | AV205: =INT(AN205*$AQ$65) -> 387057 | AW205: =INT(AO205*$AQ$65) -> 531247 | AX205: =INT(AP205*$AQ$65) -> 531247 | AY205: =_xlfn.LET(_xlpm.x, _xlfn.XLOOKUP($Q205, $L$194:$N$194, $L205:$N205), IF(ISERROR(_xlpm.x), 0, _xlpm.x)*AQ205/$AQ$193) -> 0 | AZ205: 0 | BA205: =_xlfn.LET(_xlpm.x, _xlfn.XLOOKUP($Q205, $L$194:$N$194, $L205:$N205), IF(ISERROR(_xlpm.x), 0, _xlpm.x)*AR205/$AQ$193) -> 0.0075438189 | BB205: 0.00038705701 | BC205: =_xlfn.LET(_xlpm.x, _xlfn.XLOOKUP($Q205, $L$194:$N$194, $L205:$N205), IF(ISERROR(_xlpm.x), 0, _xlpm.x)*AS205/$AQ$193) -> 0.010354111 | BD205: 0.00053124701 | BE205: =_xlfn.LET(_xlpm.x, _xlfn.XLOOKUP($Q205, $L$194:$N$194, $L205:$N205), IF(ISERROR(_xlpm.x), 0, _xlpm.x)*AT205/$AQ$193) -> 0.010354111 | BF205: 0.00053124701 | BG205: =_xlfn.LET(_xlpm.x, _xlfn.XLOOKUP($Q205, $L$194:$N$194, $L205:$N205), IF(ISERROR(_xlpm.x), 0, _xlpm.x)*AQ205/$AQ$193) -> 0 | BH205: 0 | BI205: =_xlfn.LET(_xlpm.x, _xlfn.XLOOKUP($Q205, $L$194:$N$194, $L205:$N205), IF(ISERROR(_xlpm.x), 0, _xlpm.x)*AR205/$AQ$193) -> 0.0075438189 | BJ205: 0.00038705701 | BK205: =_xlfn.LET(_xlpm.x, _xlfn.XLOOKUP($Q205, $L$194:$N$194, $L205:$N205), IF(ISERROR(_xlpm.x), 0, _xlpm.x)*AS205/$AQ$193) -> 0.010354111 | BL205: 0.00053124701 | BM205: =_xlfn.LET(_xlpm.x, _xlfn.XLOOKUP($Q205, $L$194:$N$194, $L205:$N205), IF(ISERROR(_xlpm.x), 0, _xlpm.x)*AT205/$AQ$193) -> 0.010354111 | BN205: 0.00053124701 | BP205: 0 | BQ205: 0
A206: 10 | B206: 15 | C206: 13347 | F206: 85889300 | I206: 0.0013347 | J206: #DIV/0! | L206: 25.740406 | M206: #DIV/0! | P206: ="("&$A206&", "&$B206&"]" -> (10, 15] | Q206: G | R206: =_xlfn.XLOOKUP(Q206, $I$194:$K$194, I206:K206) -> 0.0013347 | S206: 0 | T206: 0.06815 | U206: 0.2 | V206: 0.2 | W206: 0 | X206: 0.06815 | Y206: 0.2 | Z206: 0.2 | AA206: 0 | AB206: 9.0959805e-05 | AC206: 0.00026694 | AD206: 0.00026694 | AE206: 0 | AF206: 9.0959805e-05 | AG206: 0.00026694 | AH206: 0.00026694 | AI206: 0 | AJ206: 0.0031301526 | AK206: 0.0021643944 | AL206: 0.0021643944 | AM206: 0 | AN206: 0.0031301526 | AO206: 0.0021643944 | AP206: 0.0021643944 | AQ206: =INT(AI206*$AQ$65) -> 0 | AR206: =INT(AJ206*$AQ$65) -> 3130152 | AS206: =INT(AK206*$AQ$65) -> 2164394 | AT206: =INT(AL206*$AQ$65) -> 2164394 | AU206: =INT(AM206*$AQ$65) -> 0 | AV206: =INT(AN206*$AQ$65) -> 3130152 | AW206: =INT(AO206*$AQ$65) -> 2164394 | AX206: =INT(AP206*$AQ$65) -> 2164394 | AY206: =_xlfn.LET(_xlpm.x, _xlfn.XLOOKUP($Q206, $L$194:$N$194, $L206:$N206), IF(ISERROR(_xlpm.x), 0, _xlpm.x)*AQ206/$AQ$193) -> 0 | AZ206: 0 | BA206: =_xlfn.LET(_xlpm.x, _xlfn.XLOOKUP($Q206, $L$194:$N$194, $L206:$N206), IF(ISERROR(_xlpm.x), 0, _xlpm.x)*AR206/$AQ$193) -> 0.080571384 | BB206: 0.0031301521 | BC206: =_xlfn.LET(_xlpm.x, _xlfn.XLOOKUP($Q206, $L$194:$N$194, $L206:$N206), IF(ISERROR(_xlpm.x), 0, _xlpm.x)*AS206/$AQ$193) -> 0.05571238 | BD206: 0.002164394 | BE206: =_xlfn.LET(_xlpm.x, _xlfn.XLOOKUP($Q206, $L$194:$N$194, $L206:$N206), IF(ISERROR(_xlpm.x), 0, _xlpm.x)*AT206/$AQ$193) -> 0.05571238 | BF206: 0.002164394 | BG206: =_xlfn.LET(_xlpm.x, _xlfn.XLOOKUP($Q206, $L$194:$N$194, $L206:$N206), IF(ISERROR(_xlpm.x), 0, _xlpm.x)*AQ206/$AQ$193) -> 0 | BH206: 0 | BI206: =_xlfn.LET(_xlpm.x, _xlfn.XLOOKUP($Q206, $L$194:$N$194, $L206:$N206), IF(ISERROR(_xlpm.x), 0, _xlpm.x)*AR206/$AQ$193) -> 0.080571384 | BJ206: 0.0031301521 | BK206: =_xlfn.LET(_xlpm.x, _xlfn.XLOOKUP($Q206, $L$194:$N$194, $L206:$N206), IF(ISERROR(_xlpm.x), 0, _xlpm.x)*AS206/$AQ$193) -> 0.05571238 | BL206: 0.002164394 | BM206: =_xlfn.LET(_xlpm.x, _xlfn.XLOOKUP($Q206, $L$194:$N$194, $L206:$N206), IF(ISERROR(_xlpm.x), 0, _xlpm.x)*AT206/$AQ$193) -> 0.05571238 | BN206: 0.002164394 | BP206: 0 | BQ206: 0
A207: 15 | B207: 20 | C207: 19231 | F207: 170825000 | I207: 0.0019231 | J207: #DIV/0! | L207: 35.531174 | M207: #DIV/0! | P207: ="("&$A207&", "&$B207&"]" -> (15, 20] | Q207: G | R207: =_xlfn.XLOOKUP(Q207, $I$194:$K$194, I207:K207) -> 0.0019231 | S207: 0 | T207: 0.09 | U207: 0.4 | V207: 0.4 | W207: 0 | X207: 0.09 | Y207: 0.4 | Z207: 0.4 | AA207: 0 | AB207: 0.000173079 | AC207: 0.00076924 | AD207: 0.00076924 | AE207: 0 | AF207: 0.000173079 | AG207: 0.00076924 | AH207: 0.00076924 | AI207: 0 | AJ207: 0.0059560779 | AK207: 0.0062371273 | AL207: 0.0062371273 | AM207: 0 | AN207: 0.0059560779 | AO207: 0.0062371273 | AP207: 0.0062371273 | AQ207: =INT(AI207*$AQ$65) -> 0 | AR207: =INT(AJ207*$AQ$65) -> 5956077 | AS207: =INT(AK207*$AQ$65) -> 6237127 | AT207: =INT(AL207*$AQ$65) -> 6237127 | AU207: =INT(AM207*$AQ$65) -> 0 | AV207: =INT(AN207*$AQ$65) -> 5956077 | AW207: =INT(AO207*$AQ$65) -> 6237127 | AX207: =INT(AP207*$AQ$65) -> 6237127 | AY207: =_xlfn.LET(_xlpm.x, _xlfn.XLOOKUP($Q207, $L$194:$N$194, $L207:$N207), IF(ISERROR(_xlpm.x), 0, _xlpm.x)*AQ207/$AQ$193) -> 0 | AZ207: 0 | BA207: =_xlfn.LET(_xlpm.x, _xlfn.XLOOKUP($Q207, $L$194:$N$194, $L207:$N207), IF(ISERROR(_xlpm.x), 0, _xlpm.x)*AR207/$AQ$193) -> 0.21162641 | BB207: 0.0059560771 | BC207: =_xlfn.LET(_xlpm.x, _xlfn.XLOOKUP($Q207, $L$194:$N$194, $L207:$N207), IF(ISERROR(_xlpm.x), 0, _xlpm.x)*AS207/$AQ$193) -> 0.22161244 | BD207: 0.0062371271 | BE207: =_xlfn.LET(_xlpm.x, _xlfn.XLOOKUP($Q207, $L$194:$N$194, $L207:$N207), IF(ISERROR(_xlpm.x), 0, _xlpm.x)*AT207/$AQ$193) -> 0.22161244 | BF207: 0.0062371271 | BG207: =_xlfn.LET(_xlpm.x, _xlfn.XLOOKUP($Q207, $L$194:$N$194, $L207:$N207), IF(ISERROR(_xlpm.x), 0, _xlpm.x)*AQ207/$AQ$193) -> 0 | BH207: 0 | BI207: =_xlfn.LET(_xlpm.x, _xlfn.XLOOKUP($Q207, $L$194:$N$194, $L207:$N207), IF(ISERROR(_xlpm.x), 0, _xlpm.x)*AR207/$AQ$193) -> 0.21162641 | BJ207: 0.0059560771 | BK207: =_xlfn.LET(_xlpm.x, _xlfn.XLOOKUP($Q207, $L$194:$N$194, $L207:$N207), IF(ISERROR(_xlpm.x), 0, _xlpm.x)*AS207/$AQ$193) -> 0.22161244 | BL207: 0.0062371271 | BM207: =_xlfn.LET(_xlpm.x, _xlfn.XLOOKUP($Q207, $L$194:$N$194, $L207:$N207), IF(ISERROR(_xlpm.x), 0, _xlpm.x)*AT207/$AQ$193) -> 0.22161244 | BN207: 0.0062371271 | BP207: 0 | BQ207: 0
A208: 20 | B208: 25 | C208: 25738 | F208: 292234250 | I208: 0.0025738 | J208: #DIV/0! | L208: 45.416777 | M208: #DIV/0! | P208: ="("&$A208&", "&$B208&"]" -> (20, 25] | Q208: G | R208: =_xlfn.XLOOKUP(Q208, $I$194:$K$194, I208:K208) -> 0.0025738 | S208: 0 | T208: 0.13 | U208: 0.8 | V208: 0.8 | W208: 0 | X208: 0.13 | Y208: 0.8 | Z208: 0.8 | AA208: 0 | AB208: 0.000334594 | AC208: 0.00205904 | AD208: 0.00205904 | AE208: 0 | AF208: 0.000334594 | AG208: 0.00205904 | AH208: 0.00205904 | AI208: 0 | AJ208: 0.01151421 | AK208: 0.016695043 | AL208: 0.016695043 | AM208: 0 | AN208: 0.01151421 | AO208: 0.016695043 | AP208: 0.016695043 | AQ208: =INT(AI208*$AQ$65) -> 0 | AR208: =INT(AJ208*$AQ$65) -> 11514209 | AS208: =INT(AK208*$AQ$65) -> 16695042 | AT208: =INT(AL208*$AQ$65) -> 16695042 | AU208: =INT(AM208*$AQ$65) -> 0 | AV208: =INT(AN208*$AQ$65) -> 11514209 | AW208: =INT(AO208*$AQ$65) -> 16695042 | AX208: =INT(AP208*$AQ$65) -> 16695042 | AY208: =_xlfn.LET(_xlpm.x, _xlfn.XLOOKUP($Q208, $L$194:$N$194, $L208:$N208), IF(ISERROR(_xlpm.x), 0, _xlpm.x)*AQ208/$AQ$193) -> 0 | AZ208: 0 | BA208: =_xlfn.LET(_xlpm.x, _xlfn.XLOOKUP($Q208, $L$194:$N$194, $L208:$N208), IF(ISERROR(_xlpm.x), 0, _xlpm.x)*AR208/$AQ$193) -> 0.52293826 | BB208: 0.011514209 | BC208: =_xlfn.LET(_xlpm.x, _xlfn.XLOOKUP($Q208, $L$194:$N$194, $L208:$N208), IF(ISERROR(_xlpm.x), 0, _xlpm.x)*AS208/$AQ$193) -> 0.758235 | BD208: 0.016695042 | BE208: =_xlfn.LET(_xlpm.x, _xlfn.XLOOKUP($Q208, $L$194:$N$194, $L208:$N208), IF(ISERROR(_xlpm.x), 0, _xlpm.x)*AT208/$AQ$193) -> 0.758235 | BF208: 0.016695042 | BG208: =_xlfn.LET(_xlpm.x, _xlfn.XLOOKUP($Q208, $L$194:$N$194, $L208:$N208), IF(ISERROR(_xlpm.x), 0, _xlpm.x)*AQ208/$AQ$193) -> 0 | BH208: 0 | BI208: =_xlfn.LET(_xlpm.x, _xlfn.XLOOKUP($Q208, $L$194:$N$194, $L208:$N208), IF(ISERROR(_xlpm.x), 0, _xlpm.x)*AR208/$AQ$193) -> 0.52293826 | BJ208: 0.011514209 | BK208: =_xlfn.LET(_xlpm.x, _xlfn.XLOOKUP($Q208, $L$194:$N$194, $L208:$N208), IF(ISERROR(_xlpm.x), 0, _xlpm.x)*AS208/$AQ$193) -> 0.758235 | BL208: 0.016695042 | BM208: =_xlfn.LET(_xlpm.x, _xlfn.XLOOKUP($Q208, $L$194:$N$194, $L208:$N208), IF(ISERROR(_xlpm.x), 0, _xlpm.x)*AT208/$AQ$193) -> 0.758235 | BN208: 0.016695042 | BP208: 0.013661202 | BQ208: 0
... A251: 20000 | B251: 25000 | C251: 25959 | F251: 289457810050 | I251: 0.0025959 | J251: #DIV/0! | L251: 44602.305 | M251: #DIV/0! | P251: ="("&$A251&", "&$B251&"]" -> (20000, 25000] | Q251: G | R251: =_xlfn.XLOOKUP(Q251, $I$194:$K$194, I251:K251) -> 0.0025959 | S251: 0.01 | T251: 0 | U251: 0 | V251: 0 | W251: 0.01 | X251: 0 | Y251: 0 | Z251: 0 | AA251: 2.5959e-05 | AB251: 0 | AC251: 0 | AD251: 0 | AE251: 2.5959e-05 | AF251: 0 | AG251: 0 | AH251: 0 | AI251: 2.4594781e-05 | AJ251: 0 | AK251: 0 | AL251: 0 | AM251: 2.4594781e-05 | AN251: 0 | AO251: 0 | AP251: 0 | AQ251: =INT(AI251*$AQ$65) -> 24594 | AR251: =INT(AJ251*$AQ$65) -> 0 | AS251: =INT(AK251*$AQ$65) -> 0 | AT251: =INT(AL251*$AQ$65) -> 0 | AU251: =INT(AM251*$AQ$65) -> 24594 | AV251: =INT(AN251*$AQ$65) -> 0 | AW251: =INT(AO251*$AQ$65) -> 0 | AX251: =INT(AP251*$AQ$65) -> 0 | AY251: =_xlfn.LET(_xlpm.x, _xlfn.XLOOKUP($Q251, $L$194:$N$194, $L251:$N251), IF(ISERROR(_xlpm.x), 0, _xlpm.x)*AQ251/$AQ$193) -> 1.0969491 | AZ251: 2.4594001e-05 | BA251: =_xlfn.LET(_xlpm.x, _xlfn.XLOOKUP($Q251, $L$194:$N$194, $L251:$N251), IF(ISERROR(_xlpm.x), 0, _xlpm.x)*AR251/$AQ$193) -> 0 | BB251: 0 | BC251: =_xlfn.LET(_xlpm.x, _xlfn.XLOOKUP($Q251, $L$194:$N$194, $L251:$N251), IF(ISERROR(_xlpm.x), 0, _xlpm.x)*AS251/$AQ$193) -> 0 | BD251: 0 | BE251: =_xlfn.LET(_xlpm.x, _xlfn.XLOOKUP($Q251, $L$194:$N$194, $L251:$N251), IF(ISERROR(_xlpm.x), 0, _xlpm.x)*AT251/$AQ$193) -> 0 | BF251: 0 | BG251: =_xlfn.LET(_xlpm.x, _xlfn.XLOOKUP($Q251, $L$194:$N$194, $L251:$N251), IF(ISERROR(_xlpm.x), 0, _xlpm.x)*AQ251/$AQ$193) -> 1.0969491 | BH251: 2.4594001e-05 | BI251: =_xlfn.LET(_xlpm.x, _xlfn.XLOOKUP($Q251, $L$194:$N$194, $L251:$N251), IF(ISERROR(_xlpm.x), 0, _xlpm.x)*AR251/$AQ$193) -> 0 | BJ251: 0 | BK251: =_xlfn.LET(_xlpm.x, _xlfn.XLOOKUP($Q251, $L$194:$N$194, $L251:$N251), IF(ISERROR(_xlpm.x), 0, _xlpm.x)*AS251/$AQ$193) -> 0 | BL251: 0 | BM251: =_xlfn.LET(_xlpm.x, _xlfn.XLOOKUP($Q251, $L$194:$N$194, $L251:$N251), IF(ISERROR(_xlpm.x), 0, _xlpm.x)*AT251/$AQ$193) -> 0 | BN251: 0 | BP251: 0 | BQ251: 0
C252: 68694 | F252: 1991413832200 | I252: 0.0068694 | J252: #DIV/0! | L252: 115958.53 | M252: #DIV/0! | P252: ="("&$A252&", "&$B252&"]" -> (, ] | Q252: G | R252: =_xlfn.XLOOKUP(Q252, $I$194:$K$194, I252:K252) -> 0.0068694 | S252: 0 | T252: 0 | U252: 0 | V252: 0 | W252: 0 | X252: 0 | Y252: 0 | Z252: 0 | AA252: 0 | AB252: 0 | AC252: 0 | AD252: 0 | AE252: 0 | AF252: 0 | AG252: 0 | AH252: 0 | AI252: 0 | AJ252: 0 | AK252: 0 | AL252: 0 | AM252: 0 | AN252: 0 | AO252: 0 | AP252: 0 | AQ252: =INT(AI252*$AQ$65) -> 0 | AR252: =INT(AJ252*$AQ$65) -> 0 | AS252: =INT(AK252*$AQ$65) -> 0 | AT252: =INT(AL252*$AQ$65) -> 0 | AU252: =INT(AM252*$AQ$65) -> 0 | AV252: =INT(AN252*$AQ$65) -> 0 | AW252: =INT(AO252*$AQ$65) -> 0 | AX252: =INT(AP252*$AQ$65) -> 0 | AY252: =_xlfn.LET(_xlpm.x, _xlfn.XLOOKUP($Q252, $L$194:$N$194, $L252:$N252), IF(ISERROR(_xlpm.x), 0, _xlpm.x)*AQ252/$AQ$193) -> 0 | AZ252: 0 | BA252: =_xlfn.LET(_xlpm.x, _xlfn.XLOOKUP($Q252, $L$194:$N$194, $L252:$N252), IF(ISERROR(_xlpm.x), 0, _xlpm.x)*AR252/$AQ$193) -> 0 | BB252: 0 | BC252: =_xlfn.LET(_xlpm.x, _xlfn.XLOOKUP($Q252, $L$194:$N$194, $L252:$N252), IF(ISERROR(_xlpm.x), 0, _xlpm.x)*AS252/$AQ$193) -> 0 | BD252: 0 | BE252: =_xlfn.LET(_xlpm.x, _xlfn.XLOOKUP($Q252, $L$194:$N$194, $L252:$N252), IF(ISERROR(_xlpm.x), 0, _xlpm.x)*AT252/$AQ$193) -> 0 | BF252: 0 | BG252: =_xlfn.LET(_xlpm.x, _xlfn.XLOOKUP($Q252, $L$194:$N$194, $L252:$N252), IF(ISERROR(_xlpm.x), 0, _xlpm.x)*AQ252/$AQ$193) -> 0 | BH252: 0 | BI252: =_xlfn.LET(_xlpm.x, _xlfn.XLOOKUP($Q252, $L$194:$N$194, $L252:$N252), IF(ISERROR(_xlpm.x), 0, _xlpm.x)*AR252/$AQ$193) -> 0 | BJ252: 0 | BK252: =_xlfn.LET(_xlpm.x, _xlfn.XLOOKUP($Q252, $L$194:$N$194, $L252:$N252), IF(ISERROR(_xlpm.x), 0, _xlpm.x)*AS252/$AQ$193) -> 0 | BL252: 0 | BM252: =_xlfn.LET(_xlpm.x, _xlfn.XLOOKUP($Q252, $L$194:$N$194, $L252:$N252), IF(ISERROR(_xlpm.x), 0, _xlpm.x)*AT252/$AQ$193) -> 0 | BN252: 0 | BP252: 0 | BQ252: 0
I253: 0 | J253: #DIV/0! | L253: #DIV/0! | M253: #DIV/0! | P253: ="("&$A253&", "&$B253&"]" -> (, ] | Q253: G | R253: =_xlfn.XLOOKUP(Q253, $I$194:$K$194, I253:K253) -> 0 | S253: 0 | T253: 0 | U253: 0 | V253: 0 | W253: 0 | X253: 0 | Y253: 0 | Z253: 0 | AA253: 0 | AB253: 0 | AC253: 0 | AD253: 0 | AE253: 0 | AF253: 0 | AG253: 0 | AH253: 0 | AI253: 0 | AJ253: 0 | AK253: 0 | AL253: 0 | AM253: 0 | AN253: 0 | AO253: 0 | AP253: 0 | AQ253: =INT(AI253*$AQ$65) -> 0 | AR253: =INT(AJ253*$AQ$65) -> 0 | AS253: =INT(AK253*$AQ$65) -> 0 | AT253: =INT(AL253*$AQ$65) -> 0 | AU253: =INT(AM253*$AQ$65) -> 0 | AV253: =INT(AN253*$AQ$65) -> 0 | AW253: =INT(AO253*$AQ$65) -> 0 | AX253: =INT(AP253*$AQ$65) -> 0 | AY253: =_xlfn.LET(_xlpm.x, _xlfn.XLOOKUP($Q253, $L$194:$N$194, $L253:$N253), IF(ISERROR(_xlpm.x), 0, _xlpm.x)*AQ253/$AQ$193) -> 0 | AZ253: 0 | BA253: =_xlfn.LET(_xlpm.x, _xlfn.XLOOKUP($Q253, $L$194:$N$194, $L253:$N253), IF(ISERROR(_xlpm.x), 0, _xlpm.x)*AR253/$AQ$193) -> 0 | BB253: 0 | BC253: =_xlfn.LET(_xlpm.x, _xlfn.XLOOKUP($Q253, $L$194:$N$194, $L253:$N253), IF(ISERROR(_xlpm.x), 0, _xlpm.x)*AS253/$AQ$193) -> 0 | BD253: 0 | BE253: =_xlfn.LET(_xlpm.x, _xlfn.XLOOKUP($Q253, $L$194:$N$194, $L253:$N253), IF(ISERROR(_xlpm.x), 0, _xlpm.x)*AT253/$AQ$193) -> 0 | BF253: 0 | BG253: =_xlfn.LET(_xlpm.x, _xlfn.XLOOKUP($Q253, $L$194:$N$194, $L253:$N253), IF(ISERROR(_xlpm.x), 0, _xlpm.x)*AQ253/$AQ$193) -> 0 | BH253: 0 | BI253: =_xlfn.LET(_xlpm.x, _xlfn.XLOOKUP($Q253, $L$194:$N$194, $L253:$N253), IF(ISERROR(_xlpm.x), 0, _xlpm.x)*AR253/$AQ$193) -> 0 | BJ253: 0 | BK253: =_xlfn.LET(_xlpm.x, _xlfn.XLOOKUP($Q253, $L$194:$N$194, $L253:$N253), IF(ISERROR(_xlpm.x), 0, _xlpm.x)*AS253/$AQ$193) -> 0 | BL253: 0 | BM253: =_xlfn.LET(_xlpm.x, _xlfn.XLOOKUP($Q253, $L$194:$N$194, $L253:$N253), IF(ISERROR(_xlpm.x), 0, _xlpm.x)*AT253/$AQ$193) -> 0 | BN253: 0 | BP253: 0 | BQ253: 0

Sheet OP Jack Pot
A1: 新手 A | F1: 老手 A | K1: 新手 (EX) A | P1: 老手 (EX) A | U1: Buy Feature A | Z1: Super Feature
B2: Num | C2: Normal Bet | G2: Num | H2: Base Game | L2: Num | M2: Normal Bet | Q2: Num | R2: Base Game | V2: Num | W2: Buy Feature | AA2: Num | AB2: Super Feature
A3: bgC1Count | B3: 0 | C3: 66789035 | F3: bgC1Count | G3: 0 | H3: 66969451 | K3: bgC1Count | L3: 0 | M3: 66584870 | P3: bgC1Count | Q3: 0 | R3: 66815064 | U3: bgC1Count | V3: 0 | W3: 0 | Z3: bgC1Count | AA3: 0 | AB3: 0
A4: bgC1Count | B4: 1 | C4: 27148289 | F4: bgC1Count | G4: 1 | H4: 27157295 | K4: bgC1Count | L4: 1 | M4: 27045108 | P4: bgC1Count | Q4: 1 | R4: 27058543 | U4: bgC1Count | V4: 1 | W4: 0 | Z4: bgC1Count | AA4: 1 | AB4: 0
A5: bgC1Count | B5: 2 | C5: 5723550 | F5: bgC1Count | G5: 2 | H5: 5575848 | K5: bgC1Count | L5: 2 | M5: 5691099 | P5: bgC1Count | Q5: 2 | R5: 5531625 | U5: bgC1Count | V5: 2 | W5: 0 | Z5: bgC1Count | AA5: 2 | AB5: 0
A6: bgC1Count | B6: 3 | C6: 278048 | F6: bgC1Count | G6: 3 | H6: 244052 | K6: bgC1Count | L6: 3 | M6: 556306 | P6: bgC1Count | Q6: 3 | R6: 487610 | U6: bgC1Count | V6: 3 | W6: 4112683 | Z6: bgC1Count | AA6: 3 | AB6: 4080756
A7: bgC1Count | B7: 4 | C7: 52493 | F7: bgC1Count | G7: 4 | H7: 45811 | K7: bgC1Count | L7: 4 | M7: 105410 | P7: bgC1Count | Q7: 4 | R7: 92234 | U7: bgC1Count | V7: 4 | W7: 906863 | Z7: bgC1Count | AA7: 4 | AB7: 898875
A8: bgC1Count | B8: 5 | C8: 8585 | F8: bgC1Count | G8: 5 | H8: 7543 | K8: bgC1Count | L8: 5 | M8: 18207 | P8: bgC1Count | Q8: 5 | R8: 14924 | U8: bgC1Count | V8: 5 | W8: 20454 | Z8: bgC1Count | AA8: 5 | AB8: 20369
A10: fgC1Count | B10: 0 | C10: 2464953 | F10: fgC1Count | G10: 0 | H10: 2170604 | K10: fgC1Count | L10: 0 | M10: 4931142 | P10: fgC1Count | Q10: 0 | R10: 4337638 | U10: fgC1Count | V10: 0 | W10: 36589955 | Z10: fgC1Count | AA10: 0 | AB10: 37094475
A11: fgC1Count | B11: 1 | C11: 924586 | F11: fgC1Count | G11: 1 | H11: 814548 | K11: fgC1Count | L11: 1 | M11: 1857172 | P11: fgC1Count | Q11: 1 | R11: 1632078 | U11: fgC1Count | V11: 1 | W11: 13749243 | Z11: fgC1Count | AA11: 1 | AB11: 13306849
A12: fgC1Count | B12: 2 | C12: 162735 | F12: fgC1Count | G12: 2 | H12: 141143 | K12: fgC1Count | L12: 2 | M12: 324673 | P12: fgC1Count | Q12: 2 | R12: 282146 | U12: fgC1Count | V12: 2 | W12: 2387764 | Z12: fgC1Count | AA12: 2 | AB12: 2279694
A13: fgC1Count | B13: 3 | C13: 933 | F13: fgC1Count | G13: 3 | H13: 1999 | K13: fgC1Count | L13: 3 | M13: 1890 | P13: fgC1Count | Q13: 3 | R13: 3913 | U13: fgC1Count | V13: 3 | W13: 43202 | Z13: fgC1Count | AA13: 3 | AB13: 80513
A14: fgC1Count | B14: 4 | C14: 31 | F14: fgC1Count | G14: 4 | H14: 94 | K14: fgC1Count | L14: 4 | M14: 64 | P14: fgC1Count | Q14: 4 | R14: 187 | U14: fgC1Count | V14: 4 | W14: 1946 | Z14: fgC1Count | AA14: 4 | AB14: 4949
A15: fgC1Count | B15: 5 | C15: 0 | F15: fgC1Count | G15: 5 | H15: 2 | K15: fgC1Count | L15: 5 | M15: 2 | P15: fgC1Count | Q15: 5 | R15: 5 | U15: fgC1Count | V15: 5 | W15: 53 | Z15: fgC1Count | AA15: 5 | AB15: 168
A16: SC Trig | C16: =_xlfn.FLOOR.MATH(SUM(C4:C8,C11:C15)/SUM(C3:C8)*10^10) -> 3429925000 | F16: SC Trig | H16: =_xlfn.FLOOR.MATH(SUM(H4:H8,H11:H15)/SUM(H3:H8)*10^10) -> 3398833500 | K16: SC Trig | M16: =_xlfn.FLOOR.MATH(SUM(M4:M8,M11:M15)/SUM(M3:M8)*10^10) -> 3559957500 | P16: SC Trig | R16: =_xlfn.FLOOR.MATH(SUM(R4:R8,R11:R15)/SUM(R3:R8)*10^10) -> 3510326500 | U16: SC Trig | W16: =_xlfn.FLOOR.MATH(SUM(W4:W8,W11:W15)/SUM(W3:W8)*10^10) -> 42107555555 | Z16: SC Trig | AB16: =_xlfn.FLOOR.MATH(SUM(AB4:AB8,AB11:AB15)/SUM(AB3:AB8)*10^10) -> 41344346000
A18: 新手 B | F18: 老手 B | K18: 新手 (EX) B | P18: 老手 (EX) B | U18: Buy Feature B
B19: Num | C19: Normal Bet | G19: Num | H19: Base Game | L19: Num | M19: Normal Bet | Q19: Num | R19: Base Game | V19: Num | W19: Buy Feature
A20: bgC1Count | B20: 0 | C20: 66789035 | F20: bgC1Count | G20: 0 | H20: 66969451 | K20: bgC1Count | L20: 0 | M20: 66584870 | P20: bgC1Count | Q20: 0 | R20: 66815064 | U20: bgC1Count | V20: 0 | W20: 0
A21: bgC1Count | B21: 1 | C21: 27148289 | F21: bgC1Count | G21: 1 | H21: 27157295 | K21: bgC1Count | L21: 1 | M21: 27045108 | P21: bgC1Count | Q21: 1 | R21: 27058543 | U21: bgC1Count | V21: 1 | W21: 0
A22: bgC1Count | B22: 2 | C22: 5723550 | F22: bgC1Count | G22: 2 | H22: 5575848 | K22: bgC1Count | L22: 2 | M22: 5691099 | P22: bgC1Count | Q22: 2 | R22: 5531625 | U22: bgC1Count | V22: 2 | W22: 0
A23: bgC1Count | B23: 3 | C23: 278048 | F23: bgC1Count | G23: 3 | H23: 244052 | K23: bgC1Count | L23: 3 | M23: 556306 | P23: bgC1Count | Q23: 3 | R23: 487610 | U23: bgC1Count | V23: 3 | W23: 4112683
A24: bgC1Count | B24: 4 | C24: 52493 | F24: bgC1Count | G24: 4 | H24: 45811 | K24: bgC1Count | L24: 4 | M24: 105410 | P24: bgC1Count | Q24: 4 | R24: 92234 | U24: bgC1Count | V24: 4 | W24: 906863
A25: bgC1Count | B25: 5 | C25: 8585 | F25: bgC1Count | G25: 5 | H25: 7543 | K25: bgC1Count | L25: 5 | M25: 18207 | P25: bgC1Count | Q25: 5 | R25: 14924 | U25: bgC1Count | V25: 5 | W25: 20454
A27: fgC1Count | B27: 0 | C27: 2464953 | F27: fgC1Count | G27: 0 | H27: 2170604 | K27: fgC1Count | L27: 0 | M27: 4931142 | P27: fgC1Count | Q27: 0 | R27: 4337638 | U27: fgC1Count | V27: 0 | W27: 36589955
A28: fgC1Count | B28: 1 | C28: 924586 | F28: fgC1Count | G28: 1 | H28: 814548 | K28: fgC1Count | L28: 1 | M28: 1857172 | P28: fgC1Count | Q28: 1 | R28: 1632078 | U28: fgC1Count | V28: 1 | W28: 13749243
A29: fgC1Count | B29: 2 | C29: 162735 | F29: fgC1Count | G29: 2 | H29: 141143 | K29: fgC1Count | L29: 2 | M29: 324673 | P29: fgC1Count | Q29: 2 | R29: 282146 | U29: fgC1Count | V29: 2 | W29: 2387764
A30: fgC1Count | B30: 3 | C30: 933 | F30: fgC1Count | G30: 3 | H30: 1999 | K30: fgC1Count | L30: 3 | M30: 1890 | P30: fgC1Count | Q30: 3 | R30: 3913 | U30: fgC1Count | V30: 3 | W30: 43202
A31: fgC1Count | B31: 4 | C31: 31 | F31: fgC1Count | G31: 4 | H31: 94 | K31: fgC1Count | L31: 4 | M31: 64 | P31: fgC1Count | Q31: 4 | R31: 187 | U31: fgC1Count | V31: 4 | W31: 1946
A32: fgC1Count | B32: 5 | C32: 0 | F32: fgC1Count | G32: 5 | H32: 2 | K32: fgC1Count | L32: 5 | M32: 2 | P32: fgC1Count | Q32: 5 | R32: 5 | U32: fgC1Count | V32: 5 | W32: 53
A33: SC Trig | C33: =_xlfn.FLOOR.MATH(SUM(C21:C25,C28:C32)/SUM(C20:C25)*10^10) -> 3429925000 | F33: SC Trig | H33: =_xlfn.FLOOR.MATH(SUM(H21:H25,H28:H32)/SUM(H20:H25)*10^10) -> 3398833500 | K33: SC Trig | M33: =_xlfn.FLOOR.MATH(SUM(M21:M25,M28:M32)/SUM(M20:M25)*10^10) -> 3559957500 | P33: SC Trig | R33: =_xlfn.FLOOR.MATH(SUM(R21:R25,R28:R32)/SUM(R20:R25)*10^10) -> 3510326500 | U33: SC Trig | W33: =_xlfn.FLOOR.MATH(SUM(W21:W25,W28:W32)/SUM(W20:W25)*10^10) -> 42107555555

Sheet BaseGameSymbol
L1: Initial ( 0 Combo ) | U1: Initial 1 | AV1: Initial ( 0 Combo ) | BE1: Initial 2 | CF1: Initial ( 0 Combo ) | CO1: Initial 3 | DP1: Initial ( 0 Combo ) | DY1: Initial 4 | EZ1: Initial ( 0 Combo ) | FI1: Initial 5
L2: Symbol | U2: ID | AC2: Weights | AV2: Symbol | BE2: ID | BM2: Weights | CF2: Symbol | CO2: ID | CW2: Weights | DP2: Symbol | DY2: ID | EG2: Weights | EZ2: Symbol | FI2: ID | FQ2: Weights
A3: Symbol | B3: Description | C3: R1 | D3: R2 | E3: R3 | F3: R4 | G3: R5 | H3: R6 | I3: R7 | J3: ID | L3: Line # | M3: R1 | N3: R2 | O3: R3 | P3: R4 | Q3: R5 | R3: R6 | S3: R7 | U3: R1 | V3: R2 | W3: R3 | X3: R4 | Y3: R5 | Z3: R6 | AA3: R7 | AC3: R1 | AD3: R2 | AE3: R3 | AF3: R4 | AG3: R5 | AH3: R6 | AI3: R7 | AK3: Symbol | AL3: Description | AM3: R1 | AN3: R2 | AO3: R3 | AP3: R4 | AQ3: R5 | AR3: R6 | AS3: R7 | AT3: ID | AV3: Line # | AW3: R1 | AX3: R2 | AY3: R3 | AZ3: R4 | BA3: R5 | BB3: R6 | BC3: R7 | BE3: R1 | BF3: R2 | BG3: R3 | BH3: R4 | BI3: R5 | BJ3: R6 | BK3: R7 | BM3: R1 | BN3: R2 | BO3: R3 | BP3: R4 | BQ3: R5 | BR3: R6 | BS3: R7 | BU3: Symbol | BV3: Description | BW3: R1 | BX3: R2 | BY3: R3 | BZ3: R4 | CA3: R5 | CB3: R6 | CC3: R7 | CD3: ID | CF3: Line # | CG3: R1 | CH3: R2 | CI3: R3 | CJ3: R4 | CK3: R5 | CL3: R6 | CM3: R7 | CO3: R1 | CP3: R2 | CQ3: R3 | CR3: R4 | CS3: R5 | CT3: R6 | CU3: R7 | CW3: R1 | CX3: R2 | CY3: R3 | CZ3: R4 | DA3: R5 | DB3: R6 | DC3: R7 | DE3: Symbol | DF3: Description | DG3: R1 | DH3: R2 | DI3: R3 | DJ3: R4 | DK3: R5 | DL3: R6 | DM3: R7 | DN3: ID | DP3: Line # | DQ3: R1 | DR3: R2 | DS3: R3 | DT3: R4 | DU3: R5 | DV3: R6 | DW3: R7 | DY3: R1 | DZ3: R2 | EA3: R3 | EB3: R4 | EC3: R5 | ED3: R6 | EE3: R7 | EG3: R1 | EH3: R2 | EI3: R3 | EJ3: R4 | EK3: R5 | EL3: R6 | EM3: R7 | EO3: Symbol | EP3: Description | EQ3: R1 | ER3: R2 | ES3: R3 | ET3: R4 | EU3: R5 | EV3: R6 | EW3: R7 | EX3: ID | EZ3: Line # | FA3: R1 | FB3: R2 | FC3: R3 | FD3: R4 | FE3: R5 | FF3: R6 | FG3: R7 | FI3: R1 | FJ3: R2 | FK3: R3 | FL3: R4 | FM3: R5 | FN3: R6 | FO3: R7 | FQ3: R1 | FR3: R2 | FS3: R3 | FT3: R4 | FU3: R5 | FV3: R6 | FW3: R7
A4: WW | B4: WILD | C4: =COUNTIF(M$4:M$260,$A4) -> 0 | D4: =COUNTIF(N$4:N$260,$A4) -> 0 | E4: =COUNTIF(O$4:O$260,$A4) -> 0 | F4: =COUNTIF(P$4:P$260,$A4) -> 0 | G4: =COUNTIF(Q$4:Q$260,$A4) -> 0 | H4: =COUNTIF(R$4:R$260,$A4) -> 0 | I4: =COUNTIF(S$4:S$260,$A4) -> 0 | J4: 0 | L4: 0 | M4: MY1 | N4: M1 | O4: M7 | P4: MY2 | Q4: M7 | R4: M3 | S4: M3 | U4: =IF(M4="","",VLOOKUP(M4,$A$4:$J$15,10,FALSE)) -> 9 | V4: =IF(N4="","",VLOOKUP(N4,$A$4:$J$15,10,FALSE)) -> 2 | W4: =IF(O4="","",VLOOKUP(O4,$A$4:$J$15,10,FALSE)) -> 8 | X4: =IF(P4="","",VLOOKUP(P4,$A$4:$J$15,10,FALSE)) -> 10 | Y4: =IF(Q4="","",VLOOKUP(Q4,$A$4:$J$15,10,FALSE)) -> 8 | Z4: =IF(R4="","",VLOOKUP(R4,$A$4:$J$15,10,FALSE)) -> 4 | AA4: =IF(S4="","",VLOOKUP(S4,$A$4:$J$15,10,FALSE)) -> 4 | AC4: 0 | AD4: 1000 | AE4: 1000 | AF4: 1000 | AG4: 1000 | AH4: 1000 | AI4: 1000 | AK4: WW | AL4: WILD | AM4: =COUNTIF(AW$4:AW$260,$A4) -> 0 | AN4: =COUNTIF(AX$4:AX$260,$A4) -> 0 | AO4: =COUNTIF(AY$4:AY$260,$A4) -> 0 | AP4: =COUNTIF(AZ$4:AZ$260,$A4) -> 0 | AQ4: =COUNTIF(BA$4:BA$260,$A4) -> 0 | AR4: =COUNTIF(BB$4:BB$260,$A4) -> 0 | AS4: =COUNTIF(BC$4:BC$260,$A4) -> 0 | AT4: 0 | AV4: 0 | AW4: C1 | AX4: C1 | AY4: C1 | AZ4: C1 | BA4: C1 | BB4: C1 | BC4: C1 | BE4: =IF(AW4="","",VLOOKUP(AW4,$A$4:$J$15,10,FALSE)) -> 1 | BF4: =IF(AX4="","",VLOOKUP(AX4,$A$4:$J$15,10,FALSE)) -> 1 | BG4: =IF(AY4="","",VLOOKUP(AY4,$A$4:$J$15,10,FALSE)) -> 1 | BH4: =IF(AZ4="","",VLOOKUP(AZ4,$A$4:$J$15,10,FALSE)) -> 1 | BI4: =IF(BA4="","",VLOOKUP(BA4,$A$4:$J$15,10,FALSE)) -> 1 | BJ4: =IF(BB4="","",VLOOKUP(BB4,$A$4:$J$15,10,FALSE)) -> 1 | BK4: =IF(BC4="","",VLOOKUP(BC4,$A$4:$J$15,10,FALSE)) -> 1 | BM4: 800 | BN4: 800 | BO4: 800 | BP4: 800 | BQ4: 800 | BR4: 800 | BS4: 800 | BU4: WW | BV4: WILD | BW4: =COUNTIF(CG$4:CG$260,$A4) -> 0 | BX4: =COUNTIF(CH$4:CH$260,$A4) -> 0 | BY4: =COUNTIF(CI$4:CI$260,$A4) -> 0 | BZ4: =COUNTIF(CJ$4:CJ$260,$A4) -> 0 | CA4: =COUNTIF(CK$4:CK$260,$A4) -> 0 | CB4: =COUNTIF(CL$4:CL$260,$A4) -> 0 | CC4: =COUNTIF(CM$4:CM$260,$A4) -> 0 | CD4: 0 | CF4: 0 | CG4: C1 | CH4: C1 | CI4: C1 | CJ4: C1 | CK4: C1 | CL4: C1 | CM4: C1 | CO4: =IF(CG4="","",VLOOKUP(CG4,$A$4:$J$15,10,FALSE)) -> 1 | CP4: =IF(CH4="","",VLOOKUP(CH4,$A$4:$J$15,10,FALSE)) -> 1 | CQ4: =IF(CI4="","",VLOOKUP(CI4,$A$4:$J$15,10,FALSE)) -> 1 | CR4: =IF(CJ4="","",VLOOKUP(CJ4,$A$4:$J$15,10,FALSE)) -> 1 | CS4: =IF(CK4="","",VLOOKUP(CK4,$A$4:$J$15,10,FALSE)) -> 1 | CT4: =IF(CL4="","",VLOOKUP(CL4,$A$4:$J$15,10,FALSE)) -> 1 | CU4: =IF(CM4="","",VLOOKUP(CM4,$A$4:$J$15,10,FALSE)) -> 1 | CW4: 800 | CX4: 800 | CY4: 800 | CZ4: 800 | DA4: 800 | DB4: 800 | DC4: 800 | DE4: WW | DF4: WILD | DG4: =COUNTIF(DQ$4:DQ$260,$A4) -> 0 | DH4: =COUNTIF(DR$4:DR$260,$A4) -> 0 | DI4: =COUNTIF(DS$4:DS$260,$A4) -> 0 | DJ4: =COUNTIF(DT$4:DT$260,$A4) -> 0 | DK4: =COUNTIF(DU$4:DU$260,$A4) -> 0 | DL4: =COUNTIF(DV$4:DV$260,$A4) -> 0 | DM4: =COUNTIF(DW$4:DW$260,$A4) -> 0 | DN4: 0 | DP4: 0 | DQ4: C1 | DR4: C1 | DS4: C1 | DT4: C1 | DU4: C1 | DV4: C1 | DW4: C1 | DY4: =IF(DQ4="","",VLOOKUP(DQ4,$A$4:$J$15,10,FALSE)) -> 1 | DZ4: =IF(DR4="","",VLOOKUP(DR4,$A$4:$J$15,10,FALSE)) -> 1 | EA4: =IF(DS4="","",VLOOKUP(DS4,$A$4:$J$15,10,FALSE)) -> 1 | EB4: =IF(DT4="","",VLOOKUP(DT4,$A$4:$J$15,10,FALSE)) -> 1 | EC4: =IF(DU4="","",VLOOKUP(DU4,$A$4:$J$15,10,FALSE)) -> 1 | ED4: =IF(DV4="","",VLOOKUP(DV4,$A$4:$J$15,10,FALSE)) -> 1 | EE4: =IF(DW4="","",VLOOKUP(DW4,$A$4:$J$15,10,FALSE)) -> 1 | EG4: 800 | EH4: 800 | EI4: 800 | EJ4: 800 | EK4: 800 | EL4: 800 | EM4: 800 | EO4: WW | EP4: WILD | EQ4: =COUNTIF(FA$4:FA$260,$A4) -> 0 | ER4: =COUNTIF(FB$4:FB$260,$A4) -> 0 | ES4: =COUNTIF(FC$4:FC$260,$A4) -> 0 | ET4: =COUNTIF(FD$4:FD$260,$A4) -> 0 | EU4: =COUNTIF(FE$4:FE$260,$A4) -> 0 | EV4: =COUNTIF(FF$4:FF$260,$A4) -> 0 | EW4: =COUNTIF(FG$4:FG$260,$A4) -> 0 | EX4: 0 | EZ4: 0 | FA4: M6 | FB4: M3 | FC4: M2 | FD4: M3 | FE4: M6 | FF4: M4 | FG4: M4 | FI4: =IF(FA4="","",VLOOKUP(FA4,$A$4:$J$15,10,FALSE)) -> 7 | FJ4: =IF(FB4="","",VLOOKUP(FB4,$A$4:$J$15,10,FALSE)) -> 4 | FK4: =IF(FC4="","",VLOOKUP(FC4,$A$4:$J$15,10,FALSE)) -> 3 | FL4: =IF(FD4="","",VLOOKUP(FD4,$A$4:$J$15,10,FALSE)) -> 4 | FM4: =IF(FE4="","",VLOOKUP(FE4,$A$4:$J$15,10,FALSE)) -> 7 | FN4: =IF(FF4="","",VLOOKUP(FF4,$A$4:$J$15,10,FALSE)) -> 5 | FO4: =IF(FG4="","",VLOOKUP(FG4,$A$4:$J$15,10,FALSE)) -> 5 | FQ4: 400 | FR4: 400 | FS4: 400 | FT4: 400 | FU4: 400 | FV4: 400 | FW4: 400
A5: C1 | B5: Scatter | C5: =COUNTIF(M$4:M$260,$A5) -> 1 | D5: =COUNTIF(N$4:N$260,$A5) -> 1 | E5: =COUNTIF(O$4:O$260,$A5) -> 1 | F5: =COUNTIF(P$4:P$260,$A5) -> 1 | G5: =COUNTIF(Q$4:Q$260,$A5) -> 1 | H5: =COUNTIF(R$4:R$260,$A5) -> 1 | I5: =COUNTIF(S$4:S$260,$A5) -> 1 | J5: 1 | L5: 1 | M5: MY1 | N5: M1 | O5: M7 | P5: MY2 | Q5: M7 | R5: M3 | S5: M3 | U5: =IF(M5="","",VLOOKUP(M5,$A$4:$J$15,10,FALSE)) -> 9 | V5: =IF(N5="","",VLOOKUP(N5,$A$4:$J$15,10,FALSE)) -> 2 | W5: =IF(O5="","",VLOOKUP(O5,$A$4:$J$15,10,FALSE)) -> 8 | X5: =IF(P5="","",VLOOKUP(P5,$A$4:$J$15,10,FALSE)) -> 10 | Y5: =IF(Q5="","",VLOOKUP(Q5,$A$4:$J$15,10,FALSE)) -> 8 | Z5: =IF(R5="","",VLOOKUP(R5,$A$4:$J$15,10,FALSE)) -> 4 | AA5: =IF(S5="","",VLOOKUP(S5,$A$4:$J$15,10,FALSE)) -> 4 | AC5: 2000 | AD5: 1000 | AE5: 1000 | AF5: 1000 | AG5: 1000 | AH5: 1000 | AI5: 1000 | AK5: C1 | AL5: Scatter | AM5: =COUNTIF(AW$4:AW$260,$A5) -> 1 | AN5: =COUNTIF(AX$4:AX$260,$A5) -> 1 | AO5: =COUNTIF(AY$4:AY$260,$A5) -> 1 | AP5: =COUNTIF(AZ$4:AZ$260,$A5) -> 1 | AQ5: =COUNTIF(BA$4:BA$260,$A5) -> 1 | AR5: =COUNTIF(BB$4:BB$260,$A5) -> 1 | AS5: =COUNTIF(BC$4:BC$260,$A5) -> 1 | AT5: 1 | AV5: 1 | AW5: M2 | AX5: M4 | AY5: M2 | AZ5: M6 | BA5: M7 | BB5: M3 | BC5: M6 | BE5: =IF(AW5="","",VLOOKUP(AW5,$A$4:$J$15,10,FALSE)) -> 3 | BF5: =IF(AX5="","",VLOOKUP(AX5,$A$4:$J$15,10,FALSE)) -> 5 | BG5: =IF(AY5="","",VLOOKUP(AY5,$A$4:$J$15,10,FALSE)) -> 3 | BH5: =IF(AZ5="","",VLOOKUP(AZ5,$A$4:$J$15,10,FALSE)) -> 7 | BI5: =IF(BA5="","",VLOOKUP(BA5,$A$4:$J$15,10,FALSE)) -> 8 | BJ5: =IF(BB5="","",VLOOKUP(BB5,$A$4:$J$15,10,FALSE)) -> 4 | BK5: =IF(BC5="","",VLOOKUP(BC5,$A$4:$J$15,10,FALSE)) -> 7 | BM5: 1000 | BN5: 1000 | BO5: 1000 | BP5: 1000 | BQ5: 1000 | BR5: 1000 | BS5: 1000 | BU5: C1 | BV5: Scatter | BW5: =COUNTIF(CG$4:CG$260,$A5) -> 1 | BX5: =COUNTIF(CH$4:CH$260,$A5) -> 1 | BY5: =COUNTIF(CI$4:CI$260,$A5) -> 1 | BZ5: =COUNTIF(CJ$4:CJ$260,$A5) -> 1 | CA5: =COUNTIF(CK$4:CK$260,$A5) -> 1 | CB5: =COUNTIF(CL$4:CL$260,$A5) -> 1 | CC5: =COUNTIF(CM$4:CM$260,$A5) -> 1 | CD5: 1 | CF5: 1 | CG5: M2 | CH5: M5 | CI5: M7 | CJ5: M5 | CK5: M3 | CL5: M4 | CM5: M4 | CO5: =IF(CG5="","",VLOOKUP(CG5,$A$4:$J$15,10,FALSE)) -> 3 | CP5: =IF(CH5="","",VLOOKUP(CH5,$A$4:$J$15,10,FALSE)) -> 6 | CQ5: =IF(CI5="","",VLOOKUP(CI5,$A$4:$J$15,10,FALSE)) -> 8 | CR5: =IF(CJ5="","",VLOOKUP(CJ5,$A$4:$J$15,10,FALSE)) -> 6 | CS5: =IF(CK5="","",VLOOKUP(CK5,$A$4:$J$15,10,FALSE)) -> 4 | CT5: =IF(CL5="","",VLOOKUP(CL5,$A$4:$J$15,10,FALSE)) -> 5 | CU5: =IF(CM5="","",VLOOKUP(CM5,$A$4:$J$15,10,FALSE)) -> 5 | CW5: 1000 | CX5: 1000 | CY5: 1000 | CZ5: 1000 | DA5: 1000 | DB5: 1000 | DC5: 1000 | DE5: C1 | DF5: Scatter | DG5: =COUNTIF(DQ$4:DQ$260,$A5) -> 1 | DH5: =COUNTIF(DR$4:DR$260,$A5) -> 1 | DI5: =COUNTIF(DS$4:DS$260,$A5) -> 1 | DJ5: =COUNTIF(DT$4:DT$260,$A5) -> 1 | DK5: =COUNTIF(DU$4:DU$260,$A5) -> 1 | DL5: =COUNTIF(DV$4:DV$260,$A5) -> 1 | DM5: =COUNTIF(DW$4:DW$260,$A5) -> 1 | DN5: 1 | DP5: 1 | DQ5: M5 | DR5: M6 | DS5: M7 | DT5: M2 | DU5: M3 | DV5: M5 | DW5: M5 | DY5: =IF(DQ5="","",VLOOKUP(DQ5,$A$4:$J$15,10,FALSE)) -> 6 | DZ5: =IF(DR5="","",VLOOKUP(DR5,$A$4:$J$15,10,FALSE)) -> 7 | EA5: =IF(DS5="","",VLOOKUP(DS5,$A$4:$J$15,10,FALSE)) -> 8 | EB5: =IF(DT5="","",VLOOKUP(DT5,$A$4:$J$15,10,FALSE)) -> 3 | EC5: =IF(DU5="","",VLOOKUP(DU5,$A$4:$J$15,10,FALSE)) -> 4 | ED5: =IF(DV5="","",VLOOKUP(DV5,$A$4:$J$15,10,FALSE)) -> 6 | EE5: =IF(DW5="","",VLOOKUP(DW5,$A$4:$J$15,10,FALSE)) -> 6 | EG5: 1000 | EH5: 1000 | EI5: 1000 | EJ5: 1000 | EK5: 1000 | EL5: 1000 | EM5: 1000 | EO5: C1 | EP5: Scatter | EQ5: =COUNTIF(FA$4:FA$260,$A5) -> 2 | ER5: =COUNTIF(FB$4:FB$260,$A5) -> 2 | ES5: =COUNTIF(FC$4:FC$260,$A5) -> 2 | ET5: =COUNTIF(FD$4:FD$260,$A5) -> 2 | EU5: =COUNTIF(FE$4:FE$260,$A5) -> 2 | EV5: =COUNTIF(FF$4:FF$260,$A5) -> 2 | EW5: =COUNTIF(FG$4:FG$260,$A5) -> 2 | EX5: 1 | EZ5: 1 | FA5: M7 | FB5: M5 | FC5: M5 | FD5: M6 | FE5: M5 | FF5: M2 | FG5: M2 | FI5: =IF(FA5="","",VLOOKUP(FA5,$A$4:$J$15,10,FALSE)) -> 8 | FJ5: =IF(FB5="","",VLOOKUP(FB5,$A$4:$J$15,10,FALSE)) -> 6 | FK5: =IF(FC5="","",VLOOKUP(FC5,$A$4:$J$15,10,FALSE)) -> 6 | FL5: =IF(FD5="","",VLOOKUP(FD5,$A$4:$J$15,10,FALSE)) -> 7 | FM5: =IF(FE5="","",VLOOKUP(FE5,$A$4:$J$15,10,FALSE)) -> 6 | FN5: =IF(FF5="","",VLOOKUP(FF5,$A$4:$J$15,10,FALSE)) -> 3 | FO5: =IF(FG5="","",VLOOKUP(FG5,$A$4:$J$15,10,FALSE)) -> 3 | FQ5: 400 | FR5: 400 | FS5: 400 | FT5: 400 | FU5: 400 | FV5: 400 | FW5: 400
A6: M1 | B6: M1 | C6: =COUNTIF(M$4:M$260,$A6) -> 14 | D6: =COUNTIF(N$4:N$260,$A6) -> 11 | E6: =COUNTIF(O$4:O$260,$A6) -> 10 | F6: =COUNTIF(P$4:P$260,$A6) -> 12 | G6: =COUNTIF(Q$4:Q$260,$A6) -> 11 | H6: =COUNTIF(R$4:R$260,$A6) -> 8 | I6: =COUNTIF(S$4:S$260,$A6) -> 3 | J6: 2 | L6: 2 | M6: M6 | N6: M2 | O6: M7 | P6: M4 | Q6: M7 | R6: M1 | S6: M6 | U6: =IF(M6="","",VLOOKUP(M6,$A$4:$J$15,10,FALSE)) -> 7 | V6: =IF(N6="","",VLOOKUP(N6,$A$4:$J$15,10,FALSE)) -> 3 | W6: =IF(O6="","",VLOOKUP(O6,$A$4:$J$15,10,FALSE)) -> 8 | X6: =IF(P6="","",VLOOKUP(P6,$A$4:$J$15,10,FALSE)) -> 5 | Y6: =IF(Q6="","",VLOOKUP(Q6,$A$4:$J$15,10,FALSE)) -> 8 | Z6: =IF(R6="","",VLOOKUP(R6,$A$4:$J$15,10,FALSE)) -> 2 | AA6: =IF(S6="","",VLOOKUP(S6,$A$4:$J$15,10,FALSE)) -> 7 | AC6: 1000 | AD6: 2000 | AE6: 1000 | AF6: 0 | AG6: 1000 | AH6: 0 | AI6: 1000 | AK6: M1 | AL6: M1 | AM6: =COUNTIF(AW$4:AW$260,$A6) -> 19 | AN6: =COUNTIF(AX$4:AX$260,$A6) -> 17 | AO6: =COUNTIF(AY$4:AY$260,$A6) -> 29 | AP6: =COUNTIF(AZ$4:AZ$260,$A6) -> 27 | AQ6: =COUNTIF(BA$4:BA$260,$A6) -> 16 | AR6: =COUNTIF(BB$4:BB$260,$A6) -> 22 | AS6: =COUNTIF(BC$4:BC$260,$A6) -> 23 | AT6: 2 | AV6: 2 | AW6: M1 | AX6: M1 | AY6: M1 | AZ6: M6 | BA6: M6 | BB6: M3 | BC6: M4 | BE6: =IF(AW6="","",VLOOKUP(AW6,$A$4:$J$15,10,FALSE)) -> 2 | BF6: =IF(AX6="","",VLOOKUP(AX6,$A$4:$J$15,10,FALSE)) -> 2 | BG6: =IF(AY6="","",VLOOKUP(AY6,$A$4:$J$15,10,FALSE)) -> 2 | BH6: =IF(AZ6="","",VLOOKUP(AZ6,$A$4:$J$15,10,FALSE)) -> 7 | BI6: =IF(BA6="","",VLOOKUP(BA6,$A$4:$J$15,10,FALSE)) -> 7 | BJ6: =IF(BB6="","",VLOOKUP(BB6,$A$4:$J$15,10,FALSE)) -> 4 | BK6: =IF(BC6="","",VLOOKUP(BC6,$A$4:$J$15,10,FALSE)) -> 5 | BM6: 1000 | BN6: 1000 | BO6: 1000 | BP6: 1000 | BQ6: 1000 | BR6: 1000 | BS6: 1000 | BU6: M1 | BV6: M1 | BW6: =COUNTIF(CG$4:CG$260,$A6) -> 13 | BX6: =COUNTIF(CH$4:CH$260,$A6) -> 14 | BY6: =COUNTIF(CI$4:CI$260,$A6) -> 10 | BZ6: =COUNTIF(CJ$4:CJ$260,$A6) -> 8 | CA6: =COUNTIF(CK$4:CK$260,$A6) -> 10 | CB6: =COUNTIF(CL$4:CL$260,$A6) -> 9 | CC6: =COUNTIF(CM$4:CM$260,$A6) -> 15 | CD6: 2 | CF6: 2 | CG6: M1 | CH6: M3 | CI6: M7 | CJ6: M5 | CK6: M7 | CL6: M6 | CM6: M1 | CO6: =IF(CG6="","",VLOOKUP(CG6,$A$4:$J$15,10,FALSE)) -> 2 | CP6: =IF(CH6="","",VLOOKUP(CH6,$A$4:$J$15,10,FALSE)) -> 4 | CQ6: =IF(CI6="","",VLOOKUP(CI6,$A$4:$J$15,10,FALSE)) -> 8 | CR6: =IF(CJ6="","",VLOOKUP(CJ6,$A$4:$J$15,10,FALSE)) -> 6 | CS6: =IF(CK6="","",VLOOKUP(CK6,$A$4:$J$15,10,FALSE)) -> 8 | CT6: =IF(CL6="","",VLOOKUP(CL6,$A$4:$J$15,10,FALSE)) -> 7 | CU6: =IF(CM6="","",VLOOKUP(CM6,$A$4:$J$15,10,FALSE)) -> 2 | CW6: 1000 | CX6: 1000 | CY6: 1000 | CZ6: 1000 | DA6: 1000 | DB6: 1000 | DC6: 1000 | DE6: M1 | DF6: M1 | DG6: =COUNTIF(DQ$4:DQ$260,$A6) -> 14 | DH6: =COUNTIF(DR$4:DR$260,$A6) -> 23 | DI6: =COUNTIF(DS$4:DS$260,$A6) -> 10 | DJ6: =COUNTIF(DT$4:DT$260,$A6) -> 15 | DK6: =COUNTIF(DU$4:DU$260,$A6) -> 18 | DL6: =COUNTIF(DV$4:DV$260,$A6) -> 10 | DM6: =COUNTIF(DW$4:DW$260,$A6) -> 12 | DN6: 2 | DP6: 2 | DQ6: M6 | DR6: M6 | DS6: M4 | DT6: M1 | DU6: M3 | DV6: M6 | DW6: M5 | DY6: =IF(DQ6="","",VLOOKUP(DQ6,$A$4:$J$15,10,FALSE)) -> 7 | DZ6: =IF(DR6="","",VLOOKUP(DR6,$A$4:$J$15,10,FALSE)) -> 7 | EA6: =IF(DS6="","",VLOOKUP(DS6,$A$4:$J$15,10,FALSE)) -> 5 | EB6: =IF(DT6="","",VLOOKUP(DT6,$A$4:$J$15,10,FALSE)) -> 2 | EC6: =IF(DU6="","",VLOOKUP(DU6,$A$4:$J$15,10,FALSE)) -> 4 | ED6: =IF(DV6="","",VLOOKUP(DV6,$A$4:$J$15,10,FALSE)) -> 7 | EE6: =IF(DW6="","",VLOOKUP(DW6,$A$4:$J$15,10,FALSE)) -> 6 | EG6: 1000 | EH6: 1000 | EI6: 1000 | EJ6: 1000 | EK6: 1000 | EL6: 1000 | EM6: 1000 | EO6: M1 | EP6: M1 | EQ6: =COUNTIF(FA$4:FA$260,$A6) -> 14 | ER6: =COUNTIF(FB$4:FB$260,$A6) -> 17 | ES6: =COUNTIF(FC$4:FC$260,$A6) -> 17 | ET6: =COUNTIF(FD$4:FD$260,$A6) -> 21 | EU6: =COUNTIF(FE$4:FE$260,$A6) -> 16 | EV6: =COUNTIF(FF$4:FF$260,$A6) -> 15 | EW6: =COUNTIF(FG$4:FG$260,$A6) -> 19 | EX6: 2 | EZ6: 2 | FA6: M4 | FB6: M3 | FC6: M1 | FD6: M2 | FE6: M7 | FF6: M3 | FG6: M1 | FI6: =IF(FA6="","",VLOOKUP(FA6,$A$4:$J$15,10,FALSE)) -> 5 | FJ6: =IF(FB6="","",VLOOKUP(FB6,$A$4:$J$15,10,FALSE)) -> 4 | FK6: =IF(FC6="","",VLOOKUP(FC6,$A$4:$J$15,10,FALSE)) -> 2 | FL6: =IF(FD6="","",VLOOKUP(FD6,$A$4:$J$15,10,FALSE)) -> 3 | FM6: =IF(FE6="","",VLOOKUP(FE6,$A$4:$J$15,10,FALSE)) -> 8 | FN6: =IF(FF6="","",VLOOKUP(FF6,$A$4:$J$15,10,FALSE)) -> 4 | FO6: =IF(FG6="","",VLOOKUP(FG6,$A$4:$J$15,10,FALSE)) -> 2 | FQ6: 400 | FR6: 400 | FS6: 400 | FT6: 400 | FU6: 400 | FV6: 400 | FW6: 400
A7: M2 | B7: M2 | C7: =COUNTIF(M$4:M$260,$A7) -> 15 | D7: =COUNTIF(N$4:N$260,$A7) -> 20 | E7: =COUNTIF(O$4:O$260,$A7) -> 16 | F7: =COUNTIF(P$4:P$260,$A7) -> 17 | G7: =COUNTIF(Q$4:Q$260,$A7) -> 3 | H7: =COUNTIF(R$4:R$260,$A7) -> 15 | I7: =COUNTIF(S$4:S$260,$A7) -> 14 | J7: 3 | L7: 3 | M7: M7 | N7: M2 | O7: M6 | P7: M5 | Q7: M3 | R7: M5 | S7: M6 | U7: =IF(M7="","",VLOOKUP(M7,$A$4:$J$15,10,FALSE)) -> 8 | V7: =IF(N7="","",VLOOKUP(N7,$A$4:$J$15,10,FALSE)) -> 3 | W7: =IF(O7="","",VLOOKUP(O7,$A$4:$J$15,10,FALSE)) -> 7 | X7: =IF(P7="","",VLOOKUP(P7,$A$4:$J$15,10,FALSE)) -> 6 | Y7: =IF(Q7="","",VLOOKUP(Q7,$A$4:$J$15,10,FALSE)) -> 4 | Z7: =IF(R7="","",VLOOKUP(R7,$A$4:$J$15,10,FALSE)) -> 6 | AA7: =IF(S7="","",VLOOKUP(S7,$A$4:$J$15,10,FALSE)) -> 7 | AC7: 1000 | AD7: 1000 | AE7: 1000 | AF7: 5000 | AG7: 1000 | AH7: 5000 | AI7: 1000 | AK7: M2 | AL7: M2 | AM7: =COUNTIF(AW$4:AW$260,$A7) -> 22 | AN7: =COUNTIF(AX$4:AX$260,$A7) -> 19 | AO7: =COUNTIF(AY$4:AY$260,$A7) -> 30 | AP7: =COUNTIF(AZ$4:AZ$260,$A7) -> 19 | AQ7: =COUNTIF(BA$4:BA$260,$A7) -> 27 | AR7: =COUNTIF(BB$4:BB$260,$A7) -> 13 | AS7: =COUNTIF(BC$4:BC$260,$A7) -> 26 | AT7: 3 | AV7: 3 | AW7: M3 | AX7: M1 | AY7: M1 | AZ7: M7 | BA7: M3 | BB7: M5 | BC7: M3 | BE7: =IF(AW7="","",VLOOKUP(AW7,$A$4:$J$15,10,FALSE)) -> 4 | BF7: =IF(AX7="","",VLOOKUP(AX7,$A$4:$J$15,10,FALSE)) -> 2 | BG7: =IF(AY7="","",VLOOKUP(AY7,$A$4:$J$15,10,FALSE)) -> 2 | BH7: =IF(AZ7="","",VLOOKUP(AZ7,$A$4:$J$15,10,FALSE)) -> 8 | BI7: =IF(BA7="","",VLOOKUP(BA7,$A$4:$J$15,10,FALSE)) -> 4 | BJ7: =IF(BB7="","",VLOOKUP(BB7,$A$4:$J$15,10,FALSE)) -> 6 | BK7: =IF(BC7="","",VLOOKUP(BC7,$A$4:$J$15,10,FALSE)) -> 4 | BM7: 1000 | BN7: 1000 | BO7: 1000 | BP7: 1000 | BQ7: 1000 | BR7: 1000 | BS7: 1000 | BU7: M2 | BV7: M2 | BW7: =COUNTIF(CG$4:CG$260,$A7) -> 17 | BX7: =COUNTIF(CH$4:CH$260,$A7) -> 3 | BY7: =COUNTIF(CI$4:CI$260,$A7) -> 5 | BZ7: =COUNTIF(CJ$4:CJ$260,$A7) -> 15 | CA7: =COUNTIF(CK$4:CK$260,$A7) -> 13 | CB7: =COUNTIF(CL$4:CL$260,$A7) -> 12 | CC7: =COUNTIF(CM$4:CM$260,$A7) -> 9 | CD7: 3 | CF7: 3 | CG7: M1 | CH7: M3 | CI7: M6 | CJ7: M4 | CK7: M7 | CL7: M6 | CM7: M1 | CO7: =IF(CG7="","",VLOOKUP(CG7,$A$4:$J$15,10,FALSE)) -> 2 | CP7: =IF(CH7="","",VLOOKUP(CH7,$A$4:$J$15,10,FALSE)) -> 4 | CQ7: =IF(CI7="","",VLOOKUP(CI7,$A$4:$J$15,10,FALSE)) -> 7 | CR7: =IF(CJ7="","",VLOOKUP(CJ7,$A$4:$J$15,10,FALSE)) -> 5 | CS7: =IF(CK7="","",VLOOKUP(CK7,$A$4:$J$15,10,FALSE)) -> 8 | CT7: =IF(CL7="","",VLOOKUP(CL7,$A$4:$J$15,10,FALSE)) -> 7 | CU7: =IF(CM7="","",VLOOKUP(CM7,$A$4:$J$15,10,FALSE)) -> 2 | CW7: 1000 | CX7: 1000 | CY7: 1000 | CZ7: 1000 | DA7: 1000 | DB7: 1000 | DC7: 1000 | DE7: M2 | DF7: M2 | DG7: =COUNTIF(DQ$4:DQ$260,$A7) -> 12 | DH7: =COUNTIF(DR$4:DR$260,$A7) -> 11 | DI7: =COUNTIF(DS$4:DS$260,$A7) -> 13 | DJ7: =COUNTIF(DT$4:DT$260,$A7) -> 16 | DK7: =COUNTIF(DU$4:DU$260,$A7) -> 15 | DL7: =COUNTIF(DV$4:DV$260,$A7) -> 15 | DM7: =COUNTIF(DW$4:DW$260,$A7) -> 15 | DN7: 3 | DP7: 3 | DQ7: M6 | DR7: M1 | DS7: M1 | DT7: M3 | DU7: M1 | DV7: M5 | DW7: M6 | DY7: =IF(DQ7="","",VLOOKUP(DQ7,$A$4:$J$15,10,FALSE)) -> 7 | DZ7: =IF(DR7="","",VLOOKUP(DR7,$A$4:$J$15,10,FALSE)) -> 2 | EA7: =IF(DS7="","",VLOOKUP(DS7,$A$4:$J$15,10,FALSE)) -> 2 | EB7: =IF(DT7="","",VLOOKUP(DT7,$A$4:$J$15,10,FALSE)) -> 4 | EC7: =IF(DU7="","",VLOOKUP(DU7,$A$4:$J$15,10,FALSE)) -> 2 | ED7: =IF(DV7="","",VLOOKUP(DV7,$A$4:$J$15,10,FALSE)) -> 6 | EE7: =IF(DW7="","",VLOOKUP(DW7,$A$4:$J$15,10,FALSE)) -> 7 | EG7: 1000 | EH7: 1000 | EI7: 1000 | EJ7: 1000 | EK7: 1000 | EL7: 1000 | EM7: 1000 | EO7: M2 | EP7: M2 | EQ7: =COUNTIF(FA$4:FA$260,$A7) -> 23 | ER7: =COUNTIF(FB$4:FB$260,$A7) -> 17 | ES7: =COUNTIF(FC$4:FC$260,$A7) -> 13 | ET7: =COUNTIF(FD$4:FD$260,$A7) -> 20 | EU7: =COUNTIF(FE$4:FE$260,$A7) -> 21 | EV7: =COUNTIF(FF$4:FF$260,$A7) -> 22 | EW7: =COUNTIF(FG$4:FG$260,$A7) -> 22 | EX7: 3 | EZ7: 3 | FA7: M6 | FB7: M5 | FC7: M4 | FD7: M5 | FE7: M1 | FF7: M4 | FG7: M7 | FI7: =IF(FA7="","",VLOOKUP(FA7,$A$4:$J$15,10,FALSE)) -> 7 | FJ7: =IF(FB7="","",VLOOKUP(FB7,$A$4:$J$15,10,FALSE)) -> 6 | FK7: =IF(FC7="","",VLOOKUP(FC7,$A$4:$J$15,10,FALSE)) -> 5 | FL7: =IF(FD7="","",VLOOKUP(FD7,$A$4:$J$15,10,FALSE)) -> 6 | FM7: =IF(FE7="","",VLOOKUP(FE7,$A$4:$J$15,10,FALSE)) -> 2 | FN7: =IF(FF7="","",VLOOKUP(FF7,$A$4:$J$15,10,FALSE)) -> 5 | FO7: =IF(FG7="","",VLOOKUP(FG7,$A$4:$J$15,10,FALSE)) -> 8 | FQ7: 400 | FR7: 400 | FS7: 400 | FT7: 400 | FU7: 400 | FV7: 400 | FW7: 400
A8: M3 | B8: M3 | C8: =COUNTIF(M$4:M$260,$A8) -> 13 | D8: =COUNTIF(N$4:N$260,$A8) -> 16 | E8: =COUNTIF(O$4:O$260,$A8) -> 13 | F8: =COUNTIF(P$4:P$260,$A8) -> 7 | G8: =COUNTIF(Q$4:Q$260,$A8) -> 14 | H8: =COUNTIF(R$4:R$260,$A8) -> 21 | I8: =COUNTIF(S$4:S$260,$A8) -> 16 | J8: 4 | L8: 4 | M8: M7 | N8: M2 | O8: M6 | P8: M5 | Q8: M3 | R8: M5 | S8: M4 | U8: =IF(M8="","",VLOOKUP(M8,$A$4:$J$15,10,FALSE)) -> 8 | V8: =IF(N8="","",VLOOKUP(N8,$A$4:$J$15,10,FALSE)) -> 3 | W8: =IF(O8="","",VLOOKUP(O8,$A$4:$J$15,10,FALSE)) -> 7 | X8: =IF(P8="","",VLOOKUP(P8,$A$4:$J$15,10,FALSE)) -> 6 | Y8: =IF(Q8="","",VLOOKUP(Q8,$A$4:$J$15,10,FALSE)) -> 4 | Z8: =IF(R8="","",VLOOKUP(R8,$A$4:$J$15,10,FALSE)) -> 6 | AA8: =IF(S8="","",VLOOKUP(S8,$A$4:$J$15,10,FALSE)) -> 5 | AC8: 1000 | AD8: 1000 | AE8: 1000 | AF8: 1000 | AG8: 1000 | AH8: 1000 | AI8: 1000 | AK8: M3 | AL8: M3 | AM8: =COUNTIF(AW$4:AW$260,$A8) -> 21 | AN8: =COUNTIF(AX$4:AX$260,$A8) -> 28 | AO8: =COUNTIF(AY$4:AY$260,$A8) -> 17 | AP8: =COUNTIF(AZ$4:AZ$260,$A8) -> 26 | AQ8: =COUNTIF(BA$4:BA$260,$A8) -> 25 | AR8: =COUNTIF(BB$4:BB$260,$A8) -> 21 | AS8: =COUNTIF(BC$4:BC$260,$A8) -> 20 | AT8: 4 | AV8: 4 | AW8: M3 | AX8: M2 | AY8: M4 | AZ8: M7 | BA8: M3 | BB8: M5 | BC8: M1 | BE8: =IF(AW8="","",VLOOKUP(AW8,$A$4:$J$15,10,FALSE)) -> 4 | BF8: =IF(AX8="","",VLOOKUP(AX8,$A$4:$J$15,10,FALSE)) -> 3 | BG8: =IF(AY8="","",VLOOKUP(AY8,$A$4:$J$15,10,FALSE)) -> 5 | BH8: =IF(AZ8="","",VLOOKUP(AZ8,$A$4:$J$15,10,FALSE)) -> 8 | BI8: =IF(BA8="","",VLOOKUP(BA8,$A$4:$J$15,10,FALSE)) -> 4 | BJ8: =IF(BB8="","",VLOOKUP(BB8,$A$4:$J$15,10,FALSE)) -> 6 | BK8: =IF(BC8="","",VLOOKUP(BC8,$A$4:$J$15,10,FALSE)) -> 2 | BM8: 1000 | BN8: 1000 | BO8: 1000 | BP8: 1000 | BQ8: 1000 | BR8: 1000 | BS8: 1000 | BU8: M3 | BV8: M3 | BW8: =COUNTIF(CG$4:CG$260,$A8) -> 16 | BX8: =COUNTIF(CH$4:CH$260,$A8) -> 23 | BY8: =COUNTIF(CI$4:CI$260,$A8) -> 21 | BZ8: =COUNTIF(CJ$4:CJ$260,$A8) -> 18 | CA8: =COUNTIF(CK$4:CK$260,$A8) -> 17 | CB8: =COUNTIF(CL$4:CL$260,$A8) -> 15 | CC8: =COUNTIF(CM$4:CM$260,$A8) -> 25 | CD8: 4 | CF8: 4 | CG8: M7 | CH8: M5 | CI8: M6 | CJ8: M4 | CK8: M4 | CL8: M7 | CM8: M4 | CO8: =IF(CG8="","",VLOOKUP(CG8,$A$4:$J$15,10,FALSE)) -> 8 | CP8: =IF(CH8="","",VLOOKUP(CH8,$A$4:$J$15,10,FALSE)) -> 6 | CQ8: =IF(CI8="","",VLOOKUP(CI8,$A$4:$J$15,10,FALSE)) -> 7 | CR8: =IF(CJ8="","",VLOOKUP(CJ8,$A$4:$J$15,10,FALSE)) -> 5 | CS8: =IF(CK8="","",VLOOKUP(CK8,$A$4:$J$15,10,FALSE)) -> 5 | CT8: =IF(CL8="","",VLOOKUP(CL8,$A$4:$J$15,10,FALSE)) -> 8 | CU8: =IF(CM8="","",VLOOKUP(CM8,$A$4:$J$15,10,FALSE)) -> 5 | CW8: 1000 | CX8: 1000 | CY8: 1000 | CZ8: 1000 | DA8: 1000 | DB8: 1000 | DC8: 1000 | DE8: M3 | DF8: M3 | DG8: =COUNTIF(DQ$4:DQ$260,$A8) -> 13 | DH8: =COUNTIF(DR$4:DR$260,$A8) -> 14 | DI8: =COUNTIF(DS$4:DS$260,$A8) -> 14 | DJ8: =COUNTIF(DT$4:DT$260,$A8) -> 16 | DK8: =COUNTIF(DU$4:DU$260,$A8) -> 20 | DL8: =COUNTIF(DV$4:DV$260,$A8) -> 6 | DM8: =COUNTIF(DW$4:DW$260,$A8) -> 14 | DN8: 4 | DP8: 4 | DQ8: M3 | DR8: M1 | DS8: M5 | DT8: M3 | DU8: M1 | DV8: M5 | DW8: M7 | DY8: =IF(DQ8="","",VLOOKUP(DQ8,$A$4:$J$15,10,FALSE)) -> 4 | DZ8: =IF(DR8="","",VLOOKUP(DR8,$A$4:$J$15,10,FALSE)) -> 2 | EA8: =IF(DS8="","",VLOOKUP(DS8,$A$4:$J$15,10,FALSE)) -> 6 | EB8: =IF(DT8="","",VLOOKUP(DT8,$A$4:$J$15,10,FALSE)) -> 4 | EC8: =IF(DU8="","",VLOOKUP(DU8,$A$4:$J$15,10,FALSE)) -> 2 | ED8: =IF(DV8="","",VLOOKUP(DV8,$A$4:$J$15,10,FALSE)) -> 6 | EE8: =IF(DW8="","",VLOOKUP(DW8,$A$4:$J$15,10,FALSE)) -> 8 | EG8: 1000 | EH8: 1000 | EI8: 1000 | EJ8: 1000 | EK8: 1000 | EL8: 1000 | EM8: 1000 | EO8: M3 | EP8: M3 | EQ8: =COUNTIF(FA$4:FA$260,$A8) -> 16 | ER8: =COUNTIF(FB$4:FB$260,$A8) -> 21 | ES8: =COUNTIF(FC$4:FC$260,$A8) -> 12 | ET8: =COUNTIF(FD$4:FD$260,$A8) -> 23 | EU8: =COUNTIF(FE$4:FE$260,$A8) -> 15 | EV8: =COUNTIF(FF$4:FF$260,$A8) -> 16 | EW8: =COUNTIF(FG$4:FG$260,$A8) -> 14 | EX8: 4 | EZ8: 4 | FA8: C1 | FB8: C1 | FC8: C1 | FD8: C1 | FE8: C1 | FF8: C1 | FG8: C1 | FI8: =IF(FA8="","",VLOOKUP(FA8,$A$4:$J$15,10,FALSE)) -> 1 | FJ8: =IF(FB8="","",VLOOKUP(FB8,$A$4:$J$15,10,FALSE)) -> 1 | FK8: =IF(FC8="","",VLOOKUP(FC8,$A$4:$J$15,10,FALSE)) -> 1 | FL8: =IF(FD8="","",VLOOKUP(FD8,$A$4:$J$15,10,FALSE)) -> 1 | FM8: =IF(FE8="","",VLOOKUP(FE8,$A$4:$J$15,10,FALSE)) -> 1 | FN8: =IF(FF8="","",VLOOKUP(FF8,$A$4:$J$15,10,FALSE)) -> 1 | FO8: =IF(FG8="","",VLOOKUP(FG8,$A$4:$J$15,10,FALSE)) -> 1 | FQ8: 400 | FR8: 400 | FS8: 400 | FT8: 400 | FU8: 400 | FV8: 400 | FW8: 400
A9: M4 | B9: M4 | C9: =COUNTIF(M$4:M$260,$A9) -> 7 | D9: =COUNTIF(N$4:N$260,$A9) -> 14 | E9: =COUNTIF(O$4:O$260,$A9) -> 20 | F9: =COUNTIF(P$4:P$260,$A9) -> 25 | G9: =COUNTIF(Q$4:Q$260,$A9) -> 18 | H9: =COUNTIF(R$4:R$260,$A9) -> 16 | I9: =COUNTIF(S$4:S$260,$A9) -> 21 | J9: 5 | L9: 5 | M9: M7 | N9: M3 | O9: M7 | P9: M5 | Q9: M3 | R9: M5 | S9: M4 | U9: =IF(M9="","",VLOOKUP(M9,$A$4:$J$15,10,FALSE)) -> 8 | V9: =IF(N9="","",VLOOKUP(N9,$A$4:$J$15,10,FALSE)) -> 4 | W9: =IF(O9="","",VLOOKUP(O9,$A$4:$J$15,10,FALSE)) -> 8 | X9: =IF(P9="","",VLOOKUP(P9,$A$4:$J$15,10,FALSE)) -> 6 | Y9: =IF(Q9="","",VLOOKUP(Q9,$A$4:$J$15,10,FALSE)) -> 4 | Z9: =IF(R9="","",VLOOKUP(R9,$A$4:$J$15,10,FALSE)) -> 6 | AA9: =IF(S9="","",VLOOKUP(S9,$A$4:$J$15,10,FALSE)) -> 5 | AC9: 1000 | AD9: 1000 | AE9: 1000 | AF9: 1000 | AG9: 1000 | AH9: 1000 | AI9: 1000 | AK9: M4 | AL9: M4 | AM9: =COUNTIF(AW$4:AW$260,$A9) -> 13 | AN9: =COUNTIF(AX$4:AX$260,$A9) -> 10 | AO9: =COUNTIF(AY$4:AY$260,$A9) -> 14 | AP9: =COUNTIF(AZ$4:AZ$260,$A9) -> 3 | AQ9: =COUNTIF(BA$4:BA$260,$A9) -> 17 | AR9: =COUNTIF(BB$4:BB$260,$A9) -> 13 | AS9: =COUNTIF(BC$4:BC$260,$A9) -> 9 | AT9: 5 | AV9: 5 | AW9: M2 | AX9: M2 | AY9: M4 | AZ9: M2 | BA9: M5 | BB9: M7 | BC9: M3 | BE9: =IF(AW9="","",VLOOKUP(AW9,$A$4:$J$15,10,FALSE)) -> 3 | BF9: =IF(AX9="","",VLOOKUP(AX9,$A$4:$J$15,10,FALSE)) -> 3 | BG9: =IF(AY9="","",VLOOKUP(AY9,$A$4:$J$15,10,FALSE)) -> 5 | BH9: =IF(AZ9="","",VLOOKUP(AZ9,$A$4:$J$15,10,FALSE)) -> 3 | BI9: =IF(BA9="","",VLOOKUP(BA9,$A$4:$J$15,10,FALSE)) -> 6 | BJ9: =IF(BB9="","",VLOOKUP(BB9,$A$4:$J$15,10,FALSE)) -> 8 | BK9: =IF(BC9="","",VLOOKUP(BC9,$A$4:$J$15,10,FALSE)) -> 4 | BM9: 1000 | BN9: 1000 | BO9: 1000 | BP9: 1000 | BQ9: 1000 | BR9: 1000 | BS9: 1000 | BU9: M4 | BV9: M4 | BW9: =COUNTIF(CG$4:CG$260,$A9) -> 29 | BX9: =COUNTIF(CH$4:CH$260,$A9) -> 19 | BY9: =COUNTIF(CI$4:CI$260,$A9) -> 20 | BZ9: =COUNTIF(CJ$4:CJ$260,$A9) -> 21 | CA9: =COUNTIF(CK$4:CK$260,$A9) -> 10 | CB9: =COUNTIF(CL$4:CL$260,$A9) -> 23 | CC9: =COUNTIF(CM$4:CM$260,$A9) -> 27 | CD9: 5 | CF9: 5 | CG9: M7 | CH9: M7 | CI9: M3 | CJ9: M3 | CK9: M2 | CL9: M3 | CM9: M4 | CO9: =IF(CG9="","",VLOOKUP(CG9,$A$4:$J$15,10,FALSE)) -> 8 | CP9: =IF(CH9="","",VLOOKUP(CH9,$A$4:$J$15,10,FALSE)) -> 8 | CQ9: =IF(CI9="","",VLOOKUP(CI9,$A$4:$J$15,10,FALSE)) -> 4 | CR9: =IF(CJ9="","",VLOOKUP(CJ9,$A$4:$J$15,10,FALSE)) -> 4 | CS9: =IF(CK9="","",VLOOKUP(CK9,$A$4:$J$15,10,FALSE)) -> 3 | CT9: =IF(CL9="","",VLOOKUP(CL9,$A$4:$J$15,10,FALSE)) -> 4 | CU9: =IF(CM9="","",VLOOKUP(CM9,$A$4:$J$15,10,FALSE)) -> 5 | CW9: 1000 | CX9: 1000 | CY9: 1000 | CZ9: 1000 | DA9: 1000 | DB9: 1000 | DC9: 1000 | DE9: M4 | DF9: M4 | DG9: =COUNTIF(DQ$4:DQ$260,$A9) -> 11 | DH9: =COUNTIF(DR$4:DR$260,$A9) -> 6 | DI9: =COUNTIF(DS$4:DS$260,$A9) -> 10 | DJ9: =COUNTIF(DT$4:DT$260,$A9) -> 8 | DK9: =COUNTIF(DU$4:DU$260,$A9) -> 18 | DL9: =COUNTIF(DV$4:DV$260,$A9) -> 20 | DM9: =COUNTIF(DW$4:DW$260,$A9) -> 13 | DN9: 5 | DP9: 5 | DQ9: M3 | DR9: M6 | DS9: M7 | DT9: M1 | DU9: M4 | DV9: M7 | DW9: M7 | DY9: =IF(DQ9="","",VLOOKUP(DQ9,$A$4:$J$15,10,FALSE)) -> 4 | DZ9: =IF(DR9="","",VLOOKUP(DR9,$A$4:$J$15,10,FALSE)) -> 7 | EA9: =IF(DS9="","",VLOOKUP(DS9,$A$4:$J$15,10,FALSE)) -> 8 | EB9: =IF(DT9="","",VLOOKUP(DT9,$A$4:$J$15,10,FALSE)) -> 2 | EC9: =IF(DU9="","",VLOOKUP(DU9,$A$4:$J$15,10,FALSE)) -> 5 | ED9: =IF(DV9="","",VLOOKUP(DV9,$A$4:$J$15,10,FALSE)) -> 8 | EE9: =IF(DW9="","",VLOOKUP(DW9,$A$4:$J$15,10,FALSE)) -> 8 | EG9: 1000 | EH9: 1000 | EI9: 1000 | EJ9: 1000 | EK9: 1000 | EL9: 1000 | EM9: 1000 | EO9: M4 | EP9: M4 | EQ9: =COUNTIF(FA$4:FA$260,$A9) -> 18 | ER9: =COUNTIF(FB$4:FB$260,$A9) -> 15 | ES9: =COUNTIF(FC$4:FC$260,$A9) -> 20 | ET9: =COUNTIF(FD$4:FD$260,$A9) -> 13 | EU9: =COUNTIF(FE$4:FE$260,$A9) -> 20 | EV9: =COUNTIF(FF$4:FF$260,$A9) -> 15 | EW9: =COUNTIF(FG$4:FG$260,$A9) -> 14 | EX9: 5 | EZ9: 5 | FA9: M2 | FB9: M2 | FC9: M7 | FD9: M5 | FE9: M1 | FF9: M7 | FG9: M5 | FI9: =IF(FA9="","",VLOOKUP(FA9,$A$4:$J$15,10,FALSE)) -> 3 | FJ9: =IF(FB9="","",VLOOKUP(FB9,$A$4:$J$15,10,FALSE)) -> 3 | FK9: =IF(FC9="","",VLOOKUP(FC9,$A$4:$J$15,10,FALSE)) -> 8 | FL9: =IF(FD9="","",VLOOKUP(FD9,$A$4:$J$15,10,FALSE)) -> 6 | FM9: =IF(FE9="","",VLOOKUP(FE9,$A$4:$J$15,10,FALSE)) -> 2 | FN9: =IF(FF9="","",VLOOKUP(FF9,$A$4:$J$15,10,FALSE)) -> 8 | FO9: =IF(FG9="","",VLOOKUP(FG9,$A$4:$J$15,10,FALSE)) -> 6 | FQ9: 1000 | FR9: 1000 | FS9: 1000 | FT9: 1000 | FU9: 1000 | FV9: 1000 | FW9: 1000
A10: M5 | B10: M5 | C10: =COUNTIF(M$4:M$260,$A10) -> 16 | D10: =COUNTIF(N$4:N$260,$A10) -> 18 | E10: =COUNTIF(O$4:O$260,$A10) -> 16 | F10: =COUNTIF(P$4:P$260,$A10) -> 20 | G10: =COUNTIF(Q$4:Q$260,$A10) -> 26 | H10: =COUNTIF(R$4:R$260,$A10) -> 12 | I10: =COUNTIF(S$4:S$260,$A10) -> 15 | J10: 6 | L10: 6 | M10: M4 | N10: MY1 | O10: M7 | P10: M6 | Q10: M1 | R10: M1 | S10: M2 | U10: =IF(M10="","",VLOOKUP(M10,$A$4:$J$15,10,FALSE)) -> 5 | V10: =IF(N10="","",VLOOKUP(N10,$A$4:$J$15,10,FALSE)) -> 9 | W10: =IF(O10="","",VLOOKUP(O10,$A$4:$J$15,10,FALSE)) -> 8 | X10: =IF(P10="","",VLOOKUP(P10,$A$4:$J$15,10,FALSE)) -> 7 | Y10: =IF(Q10="","",VLOOKUP(Q10,$A$4:$J$15,10,FALSE)) -> 2 | Z10: =IF(R10="","",VLOOKUP(R10,$A$4:$J$15,10,FALSE)) -> 2 | AA10: =IF(S10="","",VLOOKUP(S10,$A$4:$J$15,10,FALSE)) -> 3 | AC10: 1000 | AD10: 1000 | AE10: 1000 | AF10: 1000 | AG10: 0 | AH10: 1000 | AI10: 1000 | AK10: M5 | AL10: M5 | AM10: =COUNTIF(AW$4:AW$260,$A10) -> 13 | AN10: =COUNTIF(AX$4:AX$260,$A10) -> 16 | AO10: =COUNTIF(AY$4:AY$260,$A10) -> 2 | AP10: =COUNTIF(AZ$4:AZ$260,$A10) -> 13 | AQ10: =COUNTIF(BA$4:BA$260,$A10) -> 17 | AR10: =COUNTIF(BB$4:BB$260,$A10) -> 18 | AS10: =COUNTIF(BC$4:BC$260,$A10) -> 11 | AT10: 6 | AV10: 6 | AW10: M2 | AX10: M6 | AY10: M1 | AZ10: M2 | BA10: M6 | BB10: M1 | BC10: M3 | BE10: =IF(AW10="","",VLOOKUP(AW10,$A$4:$J$15,10,FALSE)) -> 3 | BF10: =IF(AX10="","",VLOOKUP(AX10,$A$4:$J$15,10,FALSE)) -> 7 | BG10: =IF(AY10="","",VLOOKUP(AY10,$A$4:$J$15,10,FALSE)) -> 2 | BH10: =IF(AZ10="","",VLOOKUP(AZ10,$A$4:$J$15,10,FALSE)) -> 3 | BI10: =IF(BA10="","",VLOOKUP(BA10,$A$4:$J$15,10,FALSE)) -> 7 | BJ10: =IF(BB10="","",VLOOKUP(BB10,$A$4:$J$15,10,FALSE)) -> 2 | BK10: =IF(BC10="","",VLOOKUP(BC10,$A$4:$J$15,10,FALSE)) -> 4 | BM10: 1000 | BN10: 1000 | BO10: 1000 | BP10: 1000 | BQ10: 1000 | BR10: 1000 | BS10: 1000 | BU10: M5 | BV10: M5 | BW10: =COUNTIF(CG$4:CG$260,$A10) -> 19 | BX10: =COUNTIF(CH$4:CH$260,$A10) -> 22 | BY10: =COUNTIF(CI$4:CI$260,$A10) -> 25 | BZ10: =COUNTIF(CJ$4:CJ$260,$A10) -> 22 | CA10: =COUNTIF(CK$4:CK$260,$A10) -> 34 | CB10: =COUNTIF(CL$4:CL$260,$A10) -> 23 | CC10: =COUNTIF(CM$4:CM$260,$A10) -> 18 | CD10: 6 | CF10: 6 | CG10: M1 | CH10: M5 | CI10: M6 | CJ10: M3 | CK10: M2 | CL10: M3 | CM10: M5 | CO10: =IF(CG10="","",VLOOKUP(CG10,$A$4:$J$15,10,FALSE)) -> 2 | CP10: =IF(CH10="","",VLOOKUP(CH10,$A$4:$J$15,10,FALSE)) -> 6 | CQ10: =IF(CI10="","",VLOOKUP(CI10,$A$4:$J$15,10,FALSE)) -> 7 | CR10: =IF(CJ10="","",VLOOKUP(CJ10,$A$4:$J$15,10,FALSE)) -> 4 | CS10: =IF(CK10="","",VLOOKUP(CK10,$A$4:$J$15,10,FALSE)) -> 3 | CT10: =IF(CL10="","",VLOOKUP(CL10,$A$4:$J$15,10,FALSE)) -> 4 | CU10: =IF(CM10="","",VLOOKUP(CM10,$A$4:$J$15,10,FALSE)) -> 6 | CW10: 1000 | CX10: 1000 | CY10: 1000 | CZ10: 1000 | DA10: 1000 | DB10: 1000 | DC10: 1000 | DE10: M5 | DF10: M5 | DG10: =COUNTIF(DQ$4:DQ$260,$A10) -> 26 | DH10: =COUNTIF(DR$4:DR$260,$A10) -> 22 | DI10: =COUNTIF(DS$4:DS$260,$A10) -> 22 | DJ10: =COUNTIF(DT$4:DT$260,$A10) -> 23 | DK10: =COUNTIF(DU$4:DU$260,$A10) -> 24 | DL10: =COUNTIF(DV$4:DV$260,$A10) -> 20 | DM10: =COUNTIF(DW$4:DW$260,$A10) -> 20 | DN10: 6 | DP10: 6 | DQ10: M5 | DR10: M4 | DS10: M7 | DT10: M2 | DU10: M4 | DV10: M7 | DW10: M3 | DY10: =IF(DQ10="","",VLOOKUP(DQ10,$A$4:$J$15,10,FALSE)) -> 6 | DZ10: =IF(DR10="","",VLOOKUP(DR10,$A$4:$J$15,10,FALSE)) -> 5 | EA10: =IF(DS10="","",VLOOKUP(DS10,$A$4:$J$15,10,FALSE)) -> 8 | EB10: =IF(DT10="","",VLOOKUP(DT10,$A$4:$J$15,10,FALSE)) -> 3 | EC10: =IF(DU10="","",VLOOKUP(DU10,$A$4:$J$15,10,FALSE)) -> 5 | ED10: =IF(DV10="","",VLOOKUP(DV10,$A$4:$J$15,10,FALSE)) -> 8 | EE10: =IF(DW10="","",VLOOKUP(DW10,$A$4:$J$15,10,FALSE)) -> 4 | EG10: 1000 | EH10: 1000 | EI10: 1000 | EJ10: 1000 | EK10: 1000 | EL10: 1000 | EM10: 1000 | EO10: M5 | EP10: M5 | EQ10: =COUNTIF(FA$4:FA$260,$A10) -> 15 | ER10: =COUNTIF(FB$4:FB$260,$A10) -> 15 | ES10: =COUNTIF(FC$4:FC$260,$A10) -> 21 | ET10: =COUNTIF(FD$4:FD$260,$A10) -> 14 | EU10: =COUNTIF(FE$4:FE$260,$A10) -> 17 | EV10: =COUNTIF(FF$4:FF$260,$A10) -> 12 | EW10: =COUNTIF(FG$4:FG$260,$A10) -> 17 | EX10: 6 | EZ10: 6 | FA10: M6 | FB10: M4 | FC10: M6 | FD10: M6 | FE10: M3 | FF10: M1 | FG10: M1 | FI10: =IF(FA10="","",VLOOKUP(FA10,$A$4:$J$15,10,FALSE)) -> 7 | FJ10: =IF(FB10="","",VLOOKUP(FB10,$A$4:$J$15,10,FALSE)) -> 5 | FK10: =IF(FC10="","",VLOOKUP(FC10,$A$4:$J$15,10,FALSE)) -> 7 | FL10: =IF(FD10="","",VLOOKUP(FD10,$A$4:$J$15,10,FALSE)) -> 7 | FM10: =IF(FE10="","",VLOOKUP(FE10,$A$4:$J$15,10,FALSE)) -> 4 | FN10: =IF(FF10="","",VLOOKUP(FF10,$A$4:$J$15,10,FALSE)) -> 2 | FO10: =IF(FG10="","",VLOOKUP(FG10,$A$4:$J$15,10,FALSE)) -> 2 | FQ10: 1000 | FR10: 1000 | FS10: 1000 | FT10: 1000 | FU10: 1000 | FV10: 1000 | FW10: 1000
